Program Time [s],data 0,data 1
40.105,0,0
40.1149,0,0
40.1249,0,0
40.1349,0,0
40.1449,0,0
40.1549,0,0
40.1648,0,0
40.1748,0,0
40.1848,0,0
40.1948,0,0
40.2048,0,0
40.2148,0,0
40.2247,0,0
40.2346,0,0
40.2447,0,0
40.2547,0,0
40.2646,0,0
40.2745,0,0
40.2845,0,0
40.2945,0,0
40.3045,0,0
40.3145,0,0
40.3245,0,0
40.3344,0,0
40.3444,0,0
40.3544,0,0
40.3644,0,0
40.3744,0,0
40.3843,0,0
40.3943,0,0
40.4043,0,0
40.4143,0,0
40.4243,0,0
40.4343,0,0
40.4441,0,0
40.4541,0,0
40.4641,0,0
40.4742,0,0
40.4841,0,0
40.494,0,0
40.504,0,0
40.514,0,0
40.524,0,0
40.5339,0,0
40.5439,0,0
40.5539,0,0
40.5639,0,0
40.5739,0,0
40.5838,0,0
40.5938,0,0
40.6038,0,0
40.6138,0,0
40.6238,0,0
40.6337,0,0
40.6437,0,0
40.6537,0,0
40.6636,0,0
40.6736,0,0
40.6835,0,0
40.6935,0,0
40.7035,0,0
40.7135,0,0
40.7235,0,0
40.7335,0,0
40.7434,0,0
40.7534,0,0
40.7634,0,0
40.7734,0,0
40.7834,0,0
40.7934,0,0
40.8033,0,0
40.8133,0,0
40.8233,0,0
40.8333,0,0
40.8433,0,0
40.8533,0,0
40.8632,0,0
40.8732,0,0
40.8831,0,0
40.8932,0,0
40.9032,0,0
40.913,0,0
40.923,0,0
40.933,0,0
40.943,0,0
40.953,0,0
40.963,0,0
40.9729,0,0
40.9829,0,0
40.9929,0,0
41.0029,0,0
41.0129,0,0
41.0229,0,0
41.0328,0,0
41.0428,0,0
41.0528,0,0
41.0628,0,0
41.0728,0,0
41.0827,0,0
41.0926,0,0
41.1026,0,0
41.1127,0,0
41.1227,0,0
41.1326,0,0
41.1425,0,0
41.1525,0,0
41.1625,0,0
41.1725,0,0
41.1825,0,0
41.1925,0,0
41.2024,0,0
41.2124,0,0
41.2224,0,0
41.2324,0,0
41.2424,0,0
41.2523,0,0
41.2623,0,0
41.2723,0,0
41.2823,0,0
41.2923,0,0
41.3021,0,0
41.3121,0,0
41.3221,0,0
41.3321,0,0
41.3422,0,0
41.352,0,0
41.362,0,0
41.372,0,0
41.382,0,0
41.392,0,0
41.402,0,0
41.4119,0,0
41.4219,0,0
41.4319,0,0
41.4419,0,0
41.4519,0,0
41.4618,0,0
41.4718,0,0
41.4818,0,0
41.4918,0,0
41.5018,0,0
41.5117,0,0
41.5217,0,0
41.5316,0,0
41.5416,0,0
41.5516,0,0
41.5615,0,0
41.5715,0,0
41.5815,0,0
41.5915,0,0
41.6015,0,0
41.6114,0,0
41.6214,0,0
41.6314,0,0
41.6414,0,0
41.6514,0,0
41.6613,0,0
41.6713,0,0
41.6813,0,0
41.6913,0,0
41.7013,0,0
41.7113,0,0
41.7212,0,0
41.7312,0,0
41.7411,0,0
41.7512,0,0
41.7612,0,0
41.771,0,0
41.781,0,0
41.791,0,0
41.801,0,0
41.8109,0,0
41.8209,0,0
41.8309,0,0
41.8409,0,0
41.8509,0,0
41.8608,0,0
41.8708,0,0
41.8808,0,0
41.8908,0,0
41.9008,0,0
41.9108,0,0
41.9207,0,0
41.9307,0,0
41.9406,0,0
41.9507,0,0
41.9607,0,0
41.9705,0,0
41.9805,0,0
41.9905,0,0
42.0005,0,0
42.0105,0,0
42.0204,0,0
42.0304,0,0
42.0404,0,0
42.0504,0,0
42.0604,0,0
42.0703,0,0
42.0803,0,0
42.0903,0,0
42.1003,0,0
42.1103,0,0
42.1202,0,0
42.1302,0,0
42.1401,0,0
42.1502,0,0
42.1602,0,0
42.1702,0,0
42.18,0,0
42.19,0,0
42.2,0,0
42.21,0,0
42.22,0,0
42.2299,0,0
42.2399,0,0
42.2499,0,0
42.2599,0,0
42.2699,0,0
42.2798,0,0
42.2898,0,0
42.2998,0,0
42.3098,0,0
42.3198,0,0
42.3298,0,0
42.3397,0,0
42.3497,0,0
42.3596,0,0
42.3697,0,0
42.3797,0,0
42.3895,0,0
42.3995,0,0
42.4095,0,0
42.4195,0,0
42.4294,0,0
42.4394,0,0
42.4494,0,0
42.4594,0,0
42.4694,0,0
42.4793,0,0
42.4893,0,0
42.4993,0,0
42.5093,0,0
42.5193,0,0
42.5292,0,0
42.5392,0,0
42.5491,0,0
42.5591,0,0
42.5691,0,0
42.579,0,0
42.589,0,0
42.599,0,0
42.609,0,0
42.619,0,0
42.6289,0,0
42.6389,0,0
42.6489,0,0
42.6589,0,0
42.6688,0,0
42.6788,0,0
42.6888,0,0
42.6988,0,0
42.7088,0,0
42.7187,0,0
42.7287,0,0
42.7386,0,0
42.7487,0,0
42.7587,0,0
42.7686,0,0
42.7785,0,0
42.7885,0,0
42.7985,0,0
42.8085,0,0
42.8185,0,0
42.8284,0,0
42.8384,0,0
42.8484,0,0
42.8584,0,0
42.8684,0,0
42.8783,0,0
42.8883,0,0
42.8983,0,0
42.9083,0,0
42.9183,0,0
42.9282,0,0
42.9381,0,0
42.9481,0,0
42.9582,0,0
42.9681,0,0
42.978,0,0
42.988,0,0
42.998,0,0
43.008,0,0
43.0179,0,0
43.0279,0,0
43.0379,0,0
43.0479,0,0
43.0579,0,0
43.0678,0,0
43.0778,0,0
43.0878,0,0
43.0978,0,0
43.1078,0,0
43.1177,0,0
43.1277,0,0
43.1376,0,0
43.1477,0,0
43.1577,0,0
43.1675,0,0
43.1775,0,0
43.1875,0,0
43.1975,0,0
43.2075,0,0
43.2174,0,0
43.2274,0,0
43.2374,0,0
43.2474,0,0
43.2574,0,0
43.2673,0,0
43.2773,0,0
43.2873,0,0
43.2973,0,0
43.3073,0,0
43.3172,0,0
43.3272,0,0
43.3372,0,0
43.3472,0,0
43.3572,0,0
43.367,0,0
43.377,0,0
43.387,0,0
43.397,0,0
43.407,0,0
43.4169,0,0
43.4269,0,0
43.4369,0,0
43.4469,0,0
43.4569,0,0
43.4668,0,0
43.4768,0,0
43.4868,0,0
43.4968,0,0
43.5066,0,0
43.5167,0,0
43.5267,0,0
43.5367,0,0
43.5467,0,0
43.5565,0,0
43.5665,0,0
43.5765,0,0
43.5865,0,0
43.5965,0,0
43.6064,0,0
43.6164,0,0
43.6264,0,0
43.6364,0,0
43.6464,0,0
43.6563,0,0
43.6663,0,0
43.6763,0,0
43.6863,0,0
43.6963,0,0
43.7062,0,0
43.7161,0,0
43.7262,0,0
43.7362,0,0
43.7461,0,0
43.756,0,0
43.766,0,0
43.776,0,0
43.786,0,0
43.7959,0,0
43.8059,0,0
43.8159,0,0
43.8259,0,0
43.8359,0,0
43.8458,0,0
43.8558,0,0
43.8658,0,0
43.8758,0,0
43.8858,0,0
43.8957,0,0
43.9057,0,0
43.9157,0,0
43.9257,0,0
43.9355,0,0
43.9455,0,0
43.9555,0,0
43.9655,0,0
43.9755,0,0
43.9854,0,0
43.9954,0,0
44.0054,0,0
44.0154,0,0
44.0254,0,0
44.0353,0,0
44.0453,0,0
44.0553,0,0
44.0653,0,0
44.0753,0,0
44.0852,0,0
44.0952,0,0
44.1051,0,0
44.1151,0,0
44.1252,0,0
44.135,0,0
44.145,0,0
44.155,0,0
44.165,0,0
44.175,0,0
44.1849,0,0
44.1949,0,0
44.2049,0,0
44.2149,0,0
44.2249,0,0
44.2348,0,0
44.2448,0,0
44.2548,0,0
44.2648,0,0
44.2748,0,0
44.2847,0,0
44.2947,0,0
44.3047,0,0
44.3146,0,0
44.3247,0,0
44.3345,0,0
44.3445,0,0
44.3545,0,0
44.3645,0,0
44.3745,0,0
44.3844,0,0
44.3944,0,0
44.4044,0,0
44.4144,0,0
44.4244,0,0
44.4343,0,0
44.4443,0,0
44.4543,0,0
44.4643,0,0
44.4742,0,0
44.4842,0,0
44.4941,0,0
44.5042,0,0
44.5142,0,0
44.524,0,0
44.534,0,0
44.544,0,0
44.554,0,0
44.564,0,0
44.5739,0,0
44.5839,0,0
44.5939,0,0
44.6039,0,0
44.6139,0,0
44.6238,0,0
44.6338,0,0
44.6438,0,0
44.6538,0,0
44.6638,0,0
44.6737,0,0
44.6837,0,0
44.6936,0,0
44.7037,0,0
44.7137,0,0
44.7235,0,0
44.7335,0,0
44.7435,0,0
44.7535,0,0
44.7635,0,0
44.7734,0,0
44.7834,0,0
44.7934,0,0
44.8034,0,0
44.8134,0,0
44.8233,0,0
44.8333,0,0
44.8433,0,0
44.8533,0,0
44.8632,0,0
44.8732,0,0
44.8831,0,0
44.8932,0,0
44.9032,0,0
44.913,0,0
44.923,0,0
44.933,0,0
44.943,0,0
44.953,0,0
44.9629,0,0
44.9729,0,0
44.9829,0,0
44.9929,0,0
45.0029,0,0
45.0128,0,0
45.0228,0,0
45.0328,0,0
45.0428,0,0
45.0528,0,0
45.0627,0,0
45.0727,0,0
45.0826,0,0
45.0926,0,0
45.1025,0,0
45.1125,0,0
45.1225,0,0
45.1325,0,0
45.1425,0,0
45.1524,0,0
45.1624,0,0
45.1724,0,0
45.1824,0,0
45.1924,0,0
45.2023,0,0
45.2123,0,0
45.2223,0,0
45.2323,0,0
45.2423,0,0
45.2523,0,0
45.2622,0,0
45.2722,0,0
45.2821,0,0
45.2922,0,0
45.3022,0,0
45.312,0,0
45.322,0,0
45.332,0,0
45.342,0,0
45.352,0,0
45.3619,0,0
45.3719,0,0
45.3819,0,0
45.3919,0,0
45.4019,0,0
45.4118,0,0
45.4218,0,0
45.4318,0,0
45.4418,0,0
45.4518,0,0
45.4617,0,0
45.4716,0,0
45.4817,0,0
45.4916,0,0
45.5017,0,0
45.5117,0,0
45.5215,0,0
45.5315,0,0
45.5415,0,0
45.5515,0,0
45.5615,0,0
45.5714,0,0
45.5814,0,0
45.5914,0,0
45.6014,0,0
45.6114,0,0
45.6213,0,0
45.6313,0,0
45.6413,0,0
45.6513,0,0
45.6613,0,0
45.6712,0,0
45.6812,0,0
45.6911,0,0
45.7012,0,0
45.711,0,0
45.721,0,0
45.731,0,0
45.741,0,0
45.751,0,0
45.7609,0,0
45.7709,0,0
45.7809,0,0
45.7909,0,0
45.8009,0,0
45.8108,0,0
45.8208,0,0
45.8308,0,0
45.8408,0,0
45.8508,0,0
45.8607,0,0
45.8707,0,0
45.8806,0,0
45.8906,0,0
45.9007,0,0
45.9105,0,0
45.9205,0,0
45.9305,0,0
45.9405,0,0
45.9505,0,0
45.9604,0,0
45.9704,0,0
45.9804,0,0
45.9904,0,0
46.0004,0,0
46.0103,0,0
46.0203,0,0
46.0303,0,0
46.0403,0,0
46.0503,0,0
46.0602,0,0
46.0702,0,0
46.0802,0,0
46.0902,0,0
46.1002,0,0
46.11,0,0
46.12,0,0
46.13,0,0
46.14,0,0
46.15,0,0
46.1599,0,0
46.1699,0,0
46.1799,0,0
46.1899,0,0
46.1998,0,0
46.2098,0,0
46.2198,0,0
46.2298,0,0
46.2398,0,0
46.2497,0,0
46.2596,0,0
46.2697,0,0
46.2797,0,0
46.2897,0,0
46.2995,0,0
46.3095,0,0
46.3195,0,0
46.3295,0,0
46.3395,0,0
46.3494,0,0
46.3594,0,0
46.3694,0,0
46.3794,0,0
46.3894,0,0
46.3993,0,0
46.4093,0,0
46.4193,0,0
46.4293,0,0
46.4393,0,0
46.4492,0,0
46.4591,0,0
46.4692,0,0
46.4792,0,0
46.4892,0,0
46.499,0,0
46.509,0,0
46.519,0,0
46.529,0,0
46.539,0,0
46.5489,0,0
46.5589,0,0
46.5689,0,0
46.5789,0,0
46.5889,0,0
46.5988,0,0
46.6088,0,0
46.6188,0,0
46.6288,0,0
46.6388,0,0
46.6487,0,0
46.6587,0,0
46.6686,0,0
46.6786,0,0
46.6887,0,0
46.6985,0,0
46.7085,0,0
46.7185,0,0
46.7285,0,0
46.7385,0,0
46.7484,0,0
46.7584,0,0
46.7684,0,0
46.7784,0,0
46.7884,0,0
46.7983,0,0
46.8083,0,0
46.8183,0,0
46.8283,0,0
46.8383,0,0
46.8482,0,0
46.8582,0,0
46.8681,0,0
46.8781,0,0
46.8882,0,0
46.898,0,0
46.908,0,0
46.918,0,0
46.928,0,0
46.938,0,0
46.9479,0,0
46.9579,0,0
46.9679,0,0
46.9779,0,0
46.9879,0,0
46.9978,0,0
47.0078,0,0
47.0178,0,0
47.0278,0,0
47.0377,0,0
47.0476,0,0
47.0577,0,0
47.0676,0,0
47.0777,0,0
47.0875,0,0
47.0975,0,0
47.1075,0,0
47.1175,0,0
47.1275,0,0
47.1374,0,0
47.1474,0,0
47.1574,0,0
47.1674,0,0
47.1774,0,0
47.1873,0,0
47.1973,0,0
47.2073,0,0
47.2173,0,0
47.2273,0,0
47.2372,0,0
47.2472,0,0
47.2571,0,0
47.2672,0,0
47.2772,0,0
47.287,0,0
47.297,0,0
47.307,0,0
47.317,0,0
47.327,0,0
47.3369,0,0
47.3469,0,0
47.3569,0,0
47.3669,0,0
47.3769,0,0
47.3868,0,0
47.3968,0,0
47.4068,0,0
47.4168,0,0
47.4267,0,0
47.4366,0,0
47.4467,0,0
47.4567,0,0
47.4667,0,0
47.4765,0,0
47.4865,0,0
47.4965,0,0
47.5065,0,0
47.5165,0,0
47.5264,0,0
47.5364,0,0
47.5464,0,0
47.5564,0,0
47.5663,0,0
47.5763,0,0
47.5863,0,0
47.5963,0,0
47.6063,0,0
47.6162,0,0
47.6261,0,0
47.6361,0,0
47.6461,0,0
47.6561,0,0
47.666,0,0
47.676,0,0
47.686,0,0
47.696,0,0
47.706,0,0
47.7159,0,0
47.7259,0,0
47.7359,0,0
47.7459,0,0
47.7559,0,0
47.7658,0,0
47.7758,0,0
47.7858,0,0
47.7958,0,0
47.8058,0,0
47.8157,0,0
47.8257,0,0
47.8356,0,0
47.8456,0,0
47.8557,0,0
47.8655,0,0
47.8755,0,0
47.8855,0,0
47.8955,0,0
47.9055,0,0
47.9154,0,0
47.9254,0,0
47.9354,0,0
47.9454,0,0
47.9554,0,0
47.9653,0,0
47.9753,0,0
47.9853,0,0
47.9953,0,0
48.0053,0,0
48.0152,0,0
48.0252,0,0
48.0352,0,0
48.0452,0,0
48.0552,0,0
48.065,0,0
48.075,0,0
48.085,0,0
48.095,0,0
48.105,0,0
48.1149,0,0
48.1249,0,0
48.1349,0,0
48.1449,0,0
48.1549,0,0
48.1648,0,0
48.1748,0,0
48.1848,0,0
48.1948,0,0
48.2048,0,0
48.2147,0,0
48.2247,0,0
48.2346,0,0
48.2447,0,0
48.2547,0,0
48.2645,0,0
48.2745,0,0
48.2845,0,0
48.2945,0,0
48.3045,0,0
48.3144,0,0
48.3244,0,0
48.3344,0,0
48.3444,0,0
48.3544,0,0
48.3643,0,0
48.3743,0,0
48.3843,0,0
48.3943,0,0
48.4043,0,0
48.4142,0,0
48.4241,0,0
48.4342,0,0
48.4442,0,0
48.4542,0,0
48.464,0,0
48.474,0,0
48.484,0,0
48.494,0,0
48.504,0,0
48.5139,0,0
48.5239,0,0
48.5339,0,0
48.5439,0,0
48.5539,0,0
48.5638,0,0
48.5738,0,0
48.5838,0,0
48.5938,0,0
48.6038,0,0
48.6136,0,0
48.6236,0,0
48.6336,0,0
48.6437,0,0
48.6537,0,0
48.6637,0,0
48.6735,0,0
48.6835,0,0
48.6935,0,0
48.7035,0,0
48.7134,0,0
48.7234,0,0
48.7334,0,0
48.7434,0,0
48.7534,0,0
48.7633,0,0
48.7733,0,0
48.7833,0,0
48.7933,0,0
48.8033,0,0
48.8132,0,0
48.8232,0,0
48.8332,0,0
48.8432,0,0
48.8532,0,0
48.863,0,0
48.873,0,0
48.883,0,0
48.893,0,0
48.903,0,0
48.913,0,0
48.9229,0,0
48.9329,0,0
48.9429,0,0
48.9529,0,0
48.9629,0,0
48.9728,0,0
48.9828,0,0
48.9928,0,0
49.0028,0,0
49.0128,0,0
49.0227,0,0
49.0327,0,0
49.0427,0,0
49.0527,0,0
49.0627,0,0
49.0725,0,0
49.0826,0,0
49.0925,0,0
49.1026,0,0
49.1124,0,0
49.1224,0,0
49.1324,0,0
49.1424,0,0
49.1524,0,0
49.1623,0,0
49.1723,0,0
49.1823,0,0
49.1923,0,0
49.2023,0,0
49.2122,0,0
49.2222,0,0
49.2322,0,0
49.2422,0,0
49.2522,0,0
49.262,0,0
49.272,0,0
49.282,0,0
49.292,0,0
49.3021,0,0
49.3119,0,0
49.3219,0,0
49.3319,0,0
49.3419,0,0
49.3519,0,0
49.3618,0,0
49.3718,0,0
49.3818,0,0
49.3918,0,0
49.4018,0,0
49.4117,0,0
49.4217,0,0
49.4317,0,0
49.4417,0,0
49.4517,0,0
49.4615,0,0
49.4715,0,0
49.4815,0,0
49.4915,0,0
49.5014,0,0
49.5114,0,0
49.5214,0,0
49.5314,0,0
49.5414,0,0
49.5513,0,0
49.5613,0,0
49.5713,0,0
49.5813,0,0
49.5913,0,0
49.6013,0,0
49.6112,0,0
49.6212,0,0
49.6312,0,0
49.6412,0,0
49.651,0,0
49.661,0,0
49.671,0,0
49.681,0,0
49.691,0,0
49.7009,0,0
49.7109,0,0
49.7209,0,0
49.7309,0,0
49.7409,0,0
49.7508,0,0
49.7608,0,0
49.7708,0,0
49.7808,0,0
49.7908,0,0
49.8007,0,0
49.8107,0,0
49.8207,0,0
49.8307,0,0
49.8405,0,0
49.8506,0,0
49.8605,0,0
49.8706,0,0
49.8806,0,0
49.8904,0,0
49.9004,0,0
49.9104,0,0
49.9204,0,0
49.9304,0,0
49.9403,0,0
49.9503,0,0
49.9603,0,0
49.9703,0,0
49.9803,0,0
49.9902,0,0
50.0002,0,0
50.0102,0,0
50.0202,0,0
50.0302,0,0
50.04,0,0
50.0501,0,0
50.0601,0,0
50.07,0,0
50.08,0,0
50.0899,0,0
50.0999,0,0
50.1099,0,0
50.1199,0,0
50.1299,0,0
50.1398,0,0
50.1498,0,0
50.1598,0,0
50.1698,0,0
50.1797,0,0
50.1897,0,0
50.1997,0,0
50.2097,0,0
50.2197,0,0
50.2295,0,0
50.2396,0,0
50.2495,0,0
50.2596,0,0
50.2696,0,0
50.2794,0,0
50.2894,0,0
50.2994,0,0
50.3094,0,0
50.3194,0,0
50.3293,0,0
50.3393,0,0
50.3493,0,0
50.3593,0,0
50.3693,0,0
50.3792,0,0
50.3892,0,0
50.3992,0,0
50.4092,0,0
50.4191,0,0
50.4291,0,0
50.439,0,0
50.449,0,0
50.459,0,0
50.4689,0,0
50.4789,0,0
50.4889,0,0
50.4989,0,0
50.5088,0,0
50.5188,0,0
50.5288,0,0
50.5388,0,0
50.5488,0,0
50.5587,0,0
50.5687,0,0
50.5787,0,0
50.5887,0,0
50.5987,0,0
50.6086,0,0
50.6185,0,0
50.6286,0,0
50.6386,0,0
50.6486,0,0
50.6584,0,0
50.6684,0,0
50.6784,0,0
50.6884,0,0
50.6983,0,0
50.7083,0,0
50.7183,0,0
50.7283,0,0
50.7383,0,0
50.7482,0,0
50.7582,0,0
50.7682,0,0
50.7782,0,0
50.7882,0,0
50.7981,0,0
50.8081,0,0
50.818,0,0
50.8281,0,0
50.8379,0,0
50.8479,0,0
50.8579,0,0
50.8679,0,0
50.8779,0,0
50.8878,0,0
50.8978,0,0
50.9078,0,0
50.9178,0,0
50.9277,0,0
50.9377,0,0
50.9477,0,0
50.9577,0,0
50.9677,0,0
50.9776,0,0
50.9876,0,0
50.9975,0,0
51.0075,0,0
51.0175,0,0
51.0274,0,0
51.0374,0,0
51.0474,0,0
51.0574,0,0
51.0674,0,0
51.0773,0,0
51.0873,0,0
51.0973,0,0
51.1073,0,0
51.1172,0,0
51.1272,0,0
51.1372,0,0
51.1472,0,0
51.1572,0,0
51.1671,0,0
51.1771,0,0
51.187,0,0
51.1971,0,0
51.2071,0,0
51.2169,0,0
51.2269,0,0
51.2369,0,0
51.2469,0,0
51.2569,0,0
51.2668,0,0
51.2768,0,0
51.2868,0,0
51.2968,0,0
51.3068,0,0
51.3168,0,0
51.3267,0,0
51.3367,0,0
51.3467,0,0
51.3567,0,0
51.3667,0,0
51.3766,0,0
51.3866,0,0
51.3966,0,0
51.4066,0,0
51.4166,0,0
51.4264,0,0
51.4364,0,0
51.4464,0,0
51.4564,0,0
51.4664,0,0
51.4763,0,0
51.4863,0,0
51.4963,0,0
51.5063,0,0
51.5163,0,0
51.5262,0,0
51.5362,0,0
51.5462,0,0
51.5562,0,0
51.5662,0,0
51.576,0,0
51.5861,0,0
51.5961,0,0
51.6061,0,0
51.6161,0,0
51.6259,0,0
51.6359,0,0
51.6459,0,0
51.6559,0,0
51.6659,0,0
51.6758,0,0
51.6858,0,0
51.6958,0,0
51.7058,0,0
51.7158,0,0
51.7258,0,0
51.7357,0,0
51.7457,0,0
51.7557,0,0
51.7657,0,0
51.7757,0,0
51.7857,0,0
51.7956,0,0
51.8056,0,0
51.8156,0,0
51.8256,0,0
51.8356,0,0
51.8454,0,0
51.8554,0,0
51.8654,0,0
51.8754,0,0
51.8854,0,0
51.8953,0,0
51.9053,0,0
51.9153,0,0
51.9253,0,0
51.9353,0,0
51.9453,0,0
51.9552,0,0
51.9652,0,0
51.9752,0,0
51.9852,0,0
51.9952,0,0
52.0052,0,0
52.0151,0,0
52.0251,0,0
52.0351,0,0
52.0451,0,0
52.0551,0,0
52.0649,0,0
52.0749,0,0
52.0849,0,0
52.0949,0,0
52.1049,0,0
52.1149,0,0
52.1248,0,0
52.1348,0,0
52.1448,0,0
52.1548,0,0
52.1648,0,0
52.1748,0,0
52.1847,0,0
52.1947,0,0
52.2047,0,0
52.2147,0,0
52.2247,0,0
52.2346,0,0
52.2446,0,0
52.2546,0,0
52.2646,0,0
52.2746,0,0
52.2844,0,0
52.2944,0,0
52.3044,0,0
52.3144,0,0
52.3244,0,0
52.3344,0,0
52.3443,0,0
52.3543,0,0
52.3643,0,0
52.3743,0,0
52.3843,0,0
52.3943,0,0
52.4042,0,0
52.4142,0,0
52.4242,0,0
52.4342,0,0
52.4442,0,0
52.4542,0,0
52.464,0,0
52.474,0,0
52.484,0,0
52.494,0,0
52.504,0,0
52.514,0,0
52.5239,0,0
52.5339,0,0
52.5439,0,0
52.5539,0,0
52.5639,0,0
52.5738,0,0
52.5838,0,0
52.5938,0,0
52.6038,0,0
52.6138,0,0
52.6238,0,0
52.6337,0,0
52.6437,0,0
52.6537,0,0
52.6637,0,0
52.6737,0,0
52.6835,0,0
52.6935,0,0
52.7035,0,0
52.7135,0,0
52.7235,0,0
52.7334,0,0
52.7434,0,0
52.7534,0,0
52.7634,0,0
52.7734,0,0
52.7834,0,0
52.7933,0,0
52.8033,0,0
52.8133,0,0
52.8233,0,0
52.8333,0,0
52.8432,0,0
52.8532,0,0
52.8632,0,0
52.8732,0,0
52.8832,0,0
52.8932,0,0
52.903,0,0
52.913,0,0
52.923,0,0
52.933,0,0
52.943,0,0
52.9529,0,0
52.9629,0,0
52.9729,0,0
52.9829,0,0
52.9929,0,0
53.0028,0,0
53.0128,0,0
53.0228,0,0
53.0328,0,0
53.0428,0,0
53.0527,0,0
53.0627,0,0
53.0727,0,0
53.0827,0,0
53.0927,0,0
53.1025,0,0
53.1125,0,0
53.1225,0,0
53.1325,0,0
53.1425,0,0
53.1524,0,0
53.1624,0,0
53.1724,0,0
53.1824,0,0
53.1924,0,0
53.2023,0,0
53.2123,0,0
53.2223,0,0
53.2323,0,0
53.2423,0,0
53.2522,0,0
53.2622,0,0
53.2722,0,0
53.2822,0,0
53.2922,0,0
53.302,0,0
53.312,0,0
53.322,0,0
53.332,0,0
53.342,0,0
53.352,0,0
53.3619,0,0
53.3719,0,0
53.3819,0,0
53.3919,0,0
53.4019,0,0
53.4118,0,0
53.4218,0,0
53.4318,0,0
53.4418,0,0
53.4518,0,0
53.4617,0,0
53.4717,0,0
53.4817,0,0
53.4917,0,0
53.5017,0,0
53.5115,0,0
53.5215,0,0
53.5315,0,0
53.5415,0,0
53.5515,0,0
53.5614,0,0
53.5714,0,0
53.5814,0,0
53.5914,0,0
53.6014,0,0
53.6113,0,0
53.6213,0,0
53.6313,0,0
53.6413,0,0
53.6513,0,0
53.6613,0,0
53.6712,0,0
53.6812,0,0
53.6912,0,0
53.7012,0,0
53.7112,0,0
53.721,0,0
53.731,0,0
53.741,0,0
53.751,0,0
53.761,0,0
53.7709,0,0
53.7809,0,0
53.7909,0,0
53.8009,0,0
53.8109,0,0
53.8208,0,0
53.8308,0,0
53.8408,0,0
53.8508,0,0
53.8608,0,0
53.8708,0,0
53.8807,0,0
53.8907,0,0
53.9007,0,0
53.9107,0,0
53.9207,0,0
53.9305,0,0
53.9405,0,0
53.9505,0,0
53.9605,0,0
53.9705,0,0
53.9804,0,0
53.9904,0,0
54.0004,0,0
54.0104,0,0
54.0204,0,0
54.0304,0,0
54.0403,0,0
54.0503,0,0
54.0603,0,0
54.0703,0,0
54.0803,0,0
54.0902,0,0
54.1002,0,0
54.1102,0,0
54.1202,0,0
54.1302,0,0
54.1402,0,0
54.15,0,0
54.16,0,0
54.17,0,0
54.18,0,0
54.19,0,0
54.1999,0,0
54.2099,0,0
54.2199,0,0
54.2299,0,0
54.2399,0,0
54.2499,0,0
54.2598,0,0
54.2698,0,0
54.2798,0,0
54.2898,0,0
54.2998,0,0
54.3097,0,0
54.3197,0,0
54.3297,0,0
54.3397,0,0
54.3497,0,0
54.3595,0,0
54.3695,0,0
54.3795,0,0
54.3895,0,0
54.3994,0,0
54.4094,0,0
54.4194,0,0
54.4294,0,0
54.4394,0,0
54.4493,0,0
54.4593,0,0
54.4693,0,0
54.4793,0,0
54.4893,0,0
54.4992,0,0
54.5092,0,0
54.5192,0,0
54.5292,0,0
54.5392,0,0
54.549,0,0
54.559,0,0
54.569,0,0
54.579,0,0
54.589,0,0
54.5989,0,0
54.6089,0,0
54.6189,0,0
54.6289,0,0
54.6389,0,0
54.6488,0,0
54.6588,0,0
54.6688,0,0
54.6788,0,0
54.6888,0,0
54.6987,0,0
54.7087,0,0
54.7187,0,0
54.7287,0,0
54.7387,0,0
54.7485,0,0
54.7585,0,0
54.7686,0,0
54.7786,0,0
54.7886,0,0
54.7984,0,0
54.8084,0,0
54.8184,0,0
54.8284,0,0
54.8384,0,0
54.8484,0,0
54.8583,0,0
54.8683,0,0
54.8783,0,0
54.8883,0,0
54.8983,0,0
54.9082,0,0
54.9182,0,0
54.9282,0,0
54.9382,0,0
54.9482,0,0
54.9581,0,0
54.9681,0,0
54.978,0,0
54.9881,0,0
54.9981,0,0
55.0079,0,0
55.0179,0,0
55.0279,0,0
55.0379,0,0
55.0479,0,0
55.0579,0,0
55.0678,0,0
55.0778,0,0
55.0878,0,0
55.0978,0,0
55.1077,0,0
55.1177,0,0
55.1277,0,0
55.1377,0,0
55.1477,0,0
55.1576,0,0
55.1675,0,0
55.1776,0,0
55.1876,0,0
55.1975,0,0
55.2074,0,0
55.2174,0,0
55.2274,0,0
55.2374,0,0
55.2474,0,0
55.2573,0,0
55.2673,0,0
55.2773,0,0
55.2873,0,0
55.2973,0,0
55.3072,0,0
55.3172,0,0
55.3272,0,0
55.3372,0,0
55.3472,0,0
55.357,0,0
55.3671,0,0
55.3771,0,0
55.387,0,0
55.397,0,0
55.407,0,0
55.4169,0,0
55.4269,0,0
55.4369,0,0
55.4469,0,0
55.4569,0,0
55.4668,0,0
55.4768,0,0
55.4868,0,0
55.4968,0,0
55.5068,0,0
55.5167,0,0
55.5267,0,0
55.5367,0,0
55.5467,0,0
55.5567,0,0
55.5666,0,0
55.5766,0,0
55.5865,0,0
55.5966,0,0
55.6066,0,0
55.6164,0,0
55.6264,0,0
55.6364,0,0
55.6464,0,0
55.6564,0,0
55.6663,0,0
55.6763,0,0
55.6863,0,0
55.6963,0,0
55.7063,0,0
55.7162,0,0
55.7262,0,0
55.7362,0,0
55.7462,0,0
55.7562,0,0
55.7661,0,0
55.776,0,0
55.7861,0,0
55.796,0,0
55.806,0,0
55.8159,0,0
55.8259,0,0
55.8359,0,0
55.8459,0,0
55.8559,0,0
55.8658,0,0
55.8758,0,0
55.8858,0,0
55.8958,0,0
55.9058,0,0
55.9157,0,0
55.9257,0,0
55.9357,0,0
55.9457,0,0
55.9557,0,0
55.9655,0,0
55.9755,0,0
55.9855,0,0
55.9955,0,0
56.0055,0,0
56.0154,0,0
56.0254,0,0
56.0354,0,0
56.0454,0,0
56.0554,0,0
56.0653,0,0
56.0753,0,0
56.0853,0,0
56.0953,0,0
56.1053,0,0
56.1152,0,0
56.1252,0,0
56.1352,0,0
56.1452,0,0
56.1552,0,0
56.1651,0,0
56.1751,0,0
56.185,0,0
56.1951,0,0
56.2051,0,0
56.2149,0,0
56.2249,0,0
56.2349,0,0
56.2449,0,0
56.2549,0,0
56.2648,0,0
56.2748,0,0
56.2848,0,0
56.2948,0,0
56.3048,0,0
56.3147,0,0
56.3247,0,0
56.3347,0,0
56.3447,0,0
56.3547,0,0
56.3645,0,0
56.3745,0,0
56.3845,0,0
56.3946,0,0
56.4044,0,0
56.4144,0,0
56.4244,0,0
56.4344,0,0
56.4444,0,0
56.4543,0,0
56.4643,0,0
56.4743,0,0
56.4843,0,0
56.4943,0,0
56.5043,0,0
56.5142,0,0
56.5242,0,0
56.5342,0,0
56.5442,0,0
56.5542,0,0
56.5641,0,0
56.5741,0,0
56.5841,0,0
56.5941,0,0
56.6041,0,0
56.6139,0,0
56.6239,0,0
56.6339,0,0
56.6439,0,0
56.6539,0,0
56.6638,0,0
56.6738,0,0
56.6838,0,0
56.6938,0,0
56.7038,0,0
56.7137,0,0
56.7237,0,0
56.7337,0,0
56.7437,0,0
56.7537,0,0
56.7636,0,0
56.7735,0,0
56.7836,0,0
56.7936,0,0
56.8034,0,0
56.8134,0,0
56.8234,0,0
56.8334,0,0
56.8434,0,0
56.8533,0,0
56.8633,0,0
56.8733,0,0
56.8833,0,0
56.8933,0,0
56.9032,0,0
56.9132,0,0
56.9232,0,0
56.9332,0,0
56.9432,0,0
56.953,0,0
56.963,0,0
56.973,0,0
56.983,0,0
56.993,0,0
57.0029,0,0
57.0129,0,0
57.0229,0,0
57.0329,0,0
57.0429,0,0
57.0528,0,0
57.0628,0,0
57.0728,0,0
57.0828,0,0
57.0928,0,0
57.1027,0,0
57.1127,0,0
57.1227,0,0
57.1327,0,0
57.1427,0,0
57.1525,0,0
57.1625,0,0
57.1726,0,0
57.1825,0,0
57.1926,0,0
57.2024,0,0
57.2124,0,0
57.2224,0,0
57.2324,0,0
57.2424,0,0
57.2523,0,0
57.2623,0,0
57.2723,0,0
57.2823,0,0
57.2923,0,0
57.3022,0,0
57.3122,0,0
57.3222,0,0
57.3322,0,0
57.3422,0,0
57.3521,0,0
57.362,0,0
57.3721,0,0
57.3821,0,0
57.3919,0,0
57.4019,0,0
57.4119,0,0
57.4219,0,0
57.4319,0,0
57.4418,0,0
57.4518,0,0
57.4618,0,0
57.4718,0,0
57.4818,0,0
57.4918,0,0
57.5017,0,0
57.5117,0,0
57.5217,0,0
57.5317,0,0
57.5417,0,0
57.5516,0,0
57.5616,0,0
57.5715,0,0
57.5816,0,0
57.5916,0,0
57.6016,0,0
57.6114,0,0
57.6214,0,0
57.6314,0,0
57.6414,0,0
57.6514,0,0
57.6613,0,0
57.6713,0,0
57.6813,0,0
57.6913,0,0
57.7013,0,0
57.7113,0,0
57.7212,0,0
57.7312,0,0
57.7412,0,0
57.7512,0,0
57.7612,0,0
57.771,0,0
57.781,0,0
57.791,0,0
57.801,0,0
57.8111,0,0
57.821,0,0
57.8309,0,0
57.8409,0,0
57.8509,0,0
57.8609,0,0
57.8709,0,0
57.8808,0,0
57.8908,0,0
57.9008,0,0
57.9108,0,0
57.9208,0,0
57.9307,0,0
57.9407,0,0
57.9507,0,0
57.9607,0,0
57.9707,0,0
57.9807,0,0
57.9906,0,0
58.0006,0,0
58.0106,0,0
58.0206,0,0
58.0306,0,0
58.0404,0,0
58.0504,0,0
58.0604,0,0
58.0704,0,0
58.0804,0,0
58.0903,0,0
58.1003,0,0
58.1103,0,0
58.1203,0,0
58.1303,0,0
58.1402,0,0
58.1502,0,0
58.1602,0,0
58.1702,0,0
58.1802,0,0
58.1901,0,0
58.2001,0,0
58.2101,0,0
58.2201,0,0
58.2301,0,0
58.2401,0,0
58.2499,0,0
58.2599,0,0
58.2699,0,0
58.2799,0,0
58.2899,0,0
58.2998,0,0
58.3098,0,0
58.3198,0,0
58.3298,0,0
58.3398,0,0
58.3497,0,0
58.3597,0,0
58.3697,0,0
58.3797,0,0
58.3897,0,0
58.3996,0,0
58.4096,0,0
58.4196,0,0
58.4296,0,0
58.4396,0,0
58.4494,0,0
58.4594,0,0
58.4694,0,0
58.4794,0,0
58.4894,0,0
58.4993,0,0
58.5093,0,0
58.5193,0,0
58.5293,0,0
58.5393,0,0
58.5492,0,0
58.5592,0,0
58.5692,0,0
58.5792,0,0
58.5892,0,0
58.5991,0,0
58.6091,0,0
58.619,0,0
58.6291,0,0
58.6391,0,0
58.6489,0,0
58.659,0,0
58.6689,0,0
58.6789,0,0
58.6889,0,0
58.6988,0,0
58.7088,0,0
58.7188,0,0
58.7288,0,0
58.7388,0,0
58.7487,0,0
58.7587,0,0
58.7687,0,0
58.7787,0,0
58.7887,0,0
58.7986,0,0
58.8086,0,0
58.8186,0,0
58.8286,0,0
58.8386,0,0
58.8486,0,0
58.8584,0,0
58.8684,0,0
58.8784,0,0
58.8885,0,0
58.8984,0,0
58.9083,0,0
58.9183,0,0
58.9283,0,0
58.9383,0,0
58.9483,0,0
58.9583,0,0
58.9682,0,0
58.9782,0,0
58.9882,0,0
58.9982,0,0
59.0082,0,0
59.0181,0,0
59.0281,0,0
59.0381,0,0
59.0481,0,0
59.0581,0,0
59.0681,0,0
59.0779,0,0
59.0879,0,0
59.0979,0,0
59.1079,0,0
59.1179,0,0
59.1278,0,0
59.1378,0,0
59.1478,0,0
59.1578,0,0
59.1678,0,0
59.1777,0,0
59.1877,0,0
59.1977,0,0
59.2077,0,0
59.2177,0,0
59.2277,0,0
59.2376,0,0
59.2476,0,0
59.2576,0,0
59.2676,0,0
59.2776,0,0
59.2875,0,0
59.2974,0,0
59.3074,0,0
59.3174,0,0
59.3274,0,0
59.3373,0,0
59.3473,0,0
59.3573,0,0
59.3673,0,0
59.3773,0,0
59.3872,0,0
59.3972,0,0
59.4072,0,0
59.4172,0,0
59.4272,0,0
59.4372,0,0
59.4471,0,0
59.4571,0,0
59.4671,0,0
59.4771,0,0
59.4871,0,0
59.4969,0,0
59.5069,0,0
59.5169,0,0
59.5269,0,0
59.5369,0,0
59.5469,0,0
59.5568,0,0
59.5668,0,0
59.5768,0,0
59.5868,0,0
59.5968,0,0
59.6068,0,0
59.6167,0,0
59.6267,0,0
59.6367,0,0
59.6467,0,0
59.6567,0,0
59.6666,0,0
59.6766,0,0
59.6866,0,0
59.6966,0,0
59.7066,0,0
59.7164,0,0
59.7264,0,0
59.7364,0,0
59.7464,0,0
59.7564,0,0
59.7664,0,0
59.7763,0,0
59.7863,0,0
59.7963,0,0
59.8063,0,0
59.8163,0,0
59.8262,0,0
59.8362,0,0
59.8462,0,0
59.8562,0,0
59.8662,0,0
59.8761,0,0
59.8861,0,0
59.8961,0,0
59.9061,0,0
59.9159,0,0
59.9259,0,0
59.936,0,0
59.9459,0,0
59.956,0,0
59.9658,0,0
59.9758,0,0
59.9858,0,0
59.9958,0,0
60.0058,0,0
60.0157,0,0
60.0257,0,0
60.0357,0,0
60.0457,0,0
60.0557,0,0
60.0656,0,0
60.0756,0,0
60.0856,0,0
60.0956,0,0
60.1056,0,0
60.1154,0,0
60.1254,0,0
60.1354,0,0
60.1454,0,0
60.1555,0,0
60.1653,0,0
60.1753,0,0
60.1853,0,0
60.1953,0,0
60.2053,0,0
60.2152,0,0
60.2252,0,0
60.2352,0,0
60.2452,0,0
60.2552,0,0
60.2651,0,0
60.2751,0,0
60.2851,0,0
60.2951,0,0
60.3051,0,0
60.3149,0,0
60.325,0,0
60.335,0,0
60.3449,0,0
60.355,0,0
60.3648,0,0
60.3748,0,0
60.3848,0,0
60.3948,0,0
60.4048,0,0
60.4147,0,0
60.4247,0,0
60.4347,0,0
60.4447,0,0
60.4547,0,0
60.4646,0,0
60.4746,0,0
60.4846,0,0
60.4946,0,0
60.5046,0,0
60.5145,0,0
60.5245,0,0
60.5344,0,0
60.5445,0,0
60.5545,0,0
60.5643,0,0
60.5743,0,0
60.5843,0,0
60.5943,0,0
60.6043,0,0
60.6142,0,0
60.6242,0,0
60.6342,0,0
60.6442,0,0
60.6542,0,0
60.6641,0,0
60.6741,0,0
60.6841,0,0
60.6941,0,0
60.7041,0,0
60.7139,0,0
60.7239,0,0
60.7339,0,0
60.7439,0,0
60.7539,0,0
60.7638,0,0
60.7738,0,0
60.7838,0,0
60.7938,0,0
60.8038,0,0
60.8137,0,0
60.8237,0,0
60.8337,0,0
60.8437,0,0
60.8537,0,0
60.8636,0,0
60.8736,0,0
60.8836,0,0
60.8936,0,0
60.9036,0,0
60.9134,0,0
60.9234,0,0
60.9334,0,0
60.9434,0,0
60.9533,0,0
60.9633,0,0
60.9733,0,0
60.9833,0,0
60.9933,0,0
61.0032,0,0
61.0132,0,0
61.0232,0,0
61.0332,0,0
61.0432,0,0
61.0531,0,0
61.0631,0,0
61.0731,0,0
61.0831,0,0
61.0931,0,0
61.1031,0,0
61.1129,0,0
61.1229,0,0
61.1329,0,0
61.1429,0,0
61.1529,0,0
61.1628,0,0
61.1728,0,0
61.1828,0,0
61.1928,0,0
61.2028,0,0
61.2127,0,0
61.2227,0,0
61.2327,0,0
61.2427,0,0
61.2527,0,0
61.2626,0,0
61.2726,0,0
61.2826,0,0
61.2926,0,0
61.3026,0,0
61.3124,0,0
61.3224,0,0
61.3324,0,0
61.3424,0,0
61.3524,0,0
61.3623,0,0
61.3723,0,0
61.3823,0,0
61.3923,0,0
61.4023,0,0
61.4122,0,0
61.4222,0,0
61.4322,0,0
61.4422,0,0
61.4522,0,0
61.4622,0,0
61.4721,0,0
61.4821,0,0
61.4921,0,0
61.5021,0,0
61.5121,0,0
61.522,0,0
61.5319,0,0
61.542,0,0
61.552,0,0
61.562,0,0
61.5718,0,0
61.5818,0,0
61.5918,0,0
61.6018,0,0
61.6118,0,0
61.6217,0,0
61.6317,0,0
61.6417,0,0
61.6517,0,0
61.6617,0,0
61.6716,0,0
61.6816,0,0
61.6916,0,0
61.7016,0,0
61.7116,0,0
61.7214,0,0
61.7314,0,0
61.7414,0,0
61.7514,0,0
61.7614,0,0
61.7713,0,0
61.7813,0,0
61.7913,0,0
61.8013,0,0
61.8113,0,0
61.8212,0,0
61.8312,0,0
61.8412,0,0
61.8512,0,0
61.8612,0,0
61.8711,0,0
61.8811,0,0
61.8911,0,0
61.9011,0,0
61.9111,0,0
61.9209,0,0
61.9309,0,0
61.9409,0,0
61.9509,0,0
61.9609,0,0
61.9708,0,0
61.9808,0,0
61.9908,0,0
62.0008,0,0
62.0108,0,0
62.0207,0,0
62.0307,0,0
62.0407,0,0
62.0507,0,0
62.0607,0,0
62.0706,0,0
62.0806,0,0
62.0906,0,0
62.1006,0,0
62.1106,0,0
62.1206,0,0
62.1304,0,0
62.1404,0,0
62.1504,0,0
62.1604,0,0
62.1704,0,0
62.1803,0,0
62.1903,0,0
62.2003,0,0
62.2103,0,0
62.2203,0,0
62.2302,0,0
62.2402,0,0
62.2502,0,0
62.2602,0,0
62.2702,0,0
62.2801,0,0
62.2901,0,0
62.3001,0,0
62.3101,0,0
62.3201,0,0
62.3299,0,0
62.3399,0,0
62.3499,0,0
62.3599,0,0
62.3699,0,0
62.3798,0,0
62.3898,0,0
62.3998,0,0
62.4098,0,0
62.4198,0,0
62.4297,0,0
62.4397,0,0
62.4497,0,0
62.4597,0,0
62.4697,0,0
62.4796,0,0
62.4896,0,0
62.4996,0,0
62.5096,0,0
62.5196,0,0
62.5294,0,0
62.5394,0,0
62.5494,0,0
62.5594,0,0
62.5694,0,0
62.5793,0,0
62.5893,0,0
62.5993,0,0
62.6093,0,0
62.6193,0,0
62.6292,0,0
62.6392,0,0
62.6492,0,0
62.6592,0,0
62.6692,0,0
62.6791,0,0
62.6891,0,0
62.6991,0,0
62.7091,0,0
62.7191,0,0
62.729,0,0
62.739,0,0
62.7489,0,0
62.7589,0,0
62.7689,0,0
62.7788,0,0
62.7888,0,0
62.7988,0,0
62.8088,0,0
62.8188,0,0
62.8287,0,0
62.8387,0,0
62.8487,0,0
62.8587,0,0
62.8687,0,0
62.8786,0,0
62.8886,0,0
62.8986,0,0
62.9086,0,0
62.9186,0,0
62.9285,0,0
62.9385,0,0
62.9484,0,0
62.9585,0,0
62.9684,0,0
62.9783,0,0
62.9883,0,0
62.9983,0,0
63.0083,0,0
63.0183,0,0
63.0282,0,0
63.0382,0,0
63.0482,0,0
63.0582,0,0
63.0682,0,0
63.0781,0,0
63.0881,0,0
63.0981,0,0
63.1081,0,0
63.1181,0,0
63.1279,0,0
63.138,0,0
63.1479,0,0
63.158,0,0
63.168,0,0
63.1778,0,0
63.1878,0,0
63.1978,0,0
63.2078,0,0
63.2178,0,0
63.2277,0,0
63.2377,0,0
63.2477,0,0
63.2577,0,0
63.2677,0,0
63.2776,0,0
63.2876,0,0
63.2976,0,0
63.3076,0,0
63.3176,0,0
63.3274,0,0
63.3374,0,0
63.3474,0,0
63.3575,0,0
63.3675,0,0
63.3773,0,0
63.3873,0,0
63.3973,0,0
63.4073,0,0
63.4172,0,0
63.4272,0,0
63.4372,0,0
63.4472,0,0
63.4572,0,0
63.4671,0,0
63.4771,0,0
63.4871,0,0
63.4971,0,0
63.5071,0,0
63.517,0,0
63.5269,0,0
63.537,0,0
63.547,0,0
63.557,0,0
63.5668,0,0
63.5768,0,0
63.5868,0,0
63.5968,0,0
63.6068,0,0
63.6167,0,0
63.6267,0,0
63.6367,0,0
63.6467,0,0
63.6567,0,0
63.6666,0,0
63.6766,0,0
63.6866,0,0
63.6966,0,0
63.7066,0,0
63.7165,0,0
63.7264,0,0
63.7364,0,0
63.7464,0,0
63.7564,0,0
63.7663,0,0
63.7763,0,0
63.7863,0,0
63.7963,0,0
63.8062,0,0
63.8162,0,0
63.8262,0,0
63.8362,0,0
63.8462,0,0
63.8561,0,0
63.8661,0,0
63.8761,0,0
63.8861,0,0
63.8961,0,0
63.906,0,0
63.916,0,0
63.9259,0,0
63.936,0,0
63.946,0,0
63.9558,0,0
63.9658,0,0
63.9758,0,0
63.9858,0,0
63.9958,0,0
64.0057,0,0
64.0157,0,0
64.0257,0,0
64.0357,0,0
64.0456,0,0
64.0556,0,0
64.0656,0,0
64.0756,0,0
64.0856,0,0
64.0954,0,0
64.1054,0,0
64.1154,0,0
64.1255,0,0
64.1355,0,0
64.1453,0,0
64.1553,0,0
64.1653,0,0
64.1753,0,0
64.1852,0,0
64.1952,0,0
64.2052,0,0
64.2152,0,0
64.2252,0,0
64.2351,0,0
64.2451,0,0
64.2551,0,0
64.2651,0,0
64.275,0,0
64.2849,0,0
64.295,0,0
64.305,0,0
64.315,0,0
64.3248,0,0
64.3348,0,0
64.3448,0,0
64.3548,0,0
64.3648,0,0
64.3747,0,0
64.3847,0,0
64.3947,0,0
64.4047,0,0
64.4147,0,0
64.4246,0,0
64.4346,0,0
64.4446,0,0
64.4546,0,0
64.4646,0,0
64.4744,0,0
64.4844,0,0
64.4944,0,0
64.5044,0,0
64.5144,0,0
64.5243,0,0
64.5343,0,0
64.5443,0,0
64.5543,0,0
64.5643,0,0
64.5742,0,0
64.5842,0,0
64.5942,0,0
64.6042,0,0
64.6142,0,0
64.6241,0,0
64.6341,0,0
64.6441,0,0
64.6541,0,0
64.6641,0,0
64.6739,0,0
64.6839,0,0
64.6939,0,0
64.704,0,0
64.714,0,0
64.7238,0,0
64.7338,0,0
64.7438,0,0
64.7538,0,0
64.7638,0,0
64.7737,0,0
64.7837,0,0
64.7937,0,0
64.8037,0,0
64.8137,0,0
64.8236,0,0
64.8336,0,0
64.8436,0,0
64.8536,0,0
64.8636,0,0
64.8734,0,0
64.8834,0,0
64.8934,0,0
64.9034,0,0
64.9134,0,0
64.9233,0,0
64.9333,0,0
64.9433,0,0
64.9533,0,0
64.9633,0,0
64.9732,0,0
64.9832,0,0
64.9932,0,0
65.0032,0,0
65.0132,0,0
65.0231,0,0
65.0331,0,0
65.0431,0,0
65.0531,0,0
65.0631,0,0
65.0729,0,0
65.083,0,0
65.093,0,0
65.1029,0,0
65.113,0,0
65.1228,0,0
65.1328,0,0
65.1428,0,0
65.1528,0,0
65.1628,0,0
65.1727,0,0
65.1827,0,0
65.1927,0,0
65.2027,0,0
65.2127,0,0
65.2226,0,0
65.2326,0,0
65.2426,0,0
65.2526,0,0
65.2626,0,0
65.2725,0,0
65.2825,0,0
65.2924,0,0
65.3025,0,0
65.3124,0,0
65.3225,0,0
65.3325,0,0
65.3423,0,0
65.3523,0,0
65.3622,0,0
65.3723,0,0
65.3822,0,0
65.3922,0,0
65.4022,0,0
65.4122,0,0
65.4221,0,0
65.4321,0,0
65.4421,0,0
65.4521,0,0
65.4621,0,0
65.472,0,0
65.482,0,0
65.492,0,0
65.502,0,0
65.512,0,0
65.5218,0,0
65.5318,0,0
65.5419,0,0
65.5519,0,0
65.5619,0,0
65.5717,0,0
65.5817,0,0
65.5917,0,0
65.6017,0,0
65.6117,0,0
65.6216,0,0
65.6316,0,0
65.6416,0,0
65.6516,0,0
65.6616,0,0
65.6715,0,0
65.6815,0,0
65.6914,0,0
65.7015,0,0
65.7115,0,0
65.7214,0,0
65.7313,0,0
65.7413,0,0
65.7513,0,0
65.7613,0,0
65.7713,0,0
65.7812,0,0
65.7913,0,0
65.8012,0,0
65.8111,0,0
65.8211,0,0
65.8311,0,0
65.8411,0,0
65.8511,0,0
65.8611,0,0
65.871,0,0
65.881,0,0
65.8909,0,0
65.9009,0,0
65.911,0,0
65.9208,0,0
65.9308,0,0
65.9408,0,0
65.9508,0,0
65.9608,0,0
65.9707,0,0
65.9807,0,0
65.9907,0,0
66.0007,0,0
66.0107,0,0
66.0206,0,0
66.0306,0,0
66.0406,0,0
66.0506,0,0
66.0606,0,0
66.0706,0,0
66.0805,0,0
66.0905,0,0
66.1004,0,0
66.1105,0,0
66.1205,0,0
66.1303,0,0
66.1403,0,0
66.1503,0,0
66.1603,0,0
66.1703,0,0
66.1802,0,0
66.1902,0,0
66.2002,0,0
66.2102,0,0
66.2202,0,0
66.2302,0,0
66.2401,0,0
66.2501,0,0
66.2601,0,0
66.2701,0,0
66.2801,0,0
66.29,0,0
66.2999,0,0
66.31,0,0
66.3199,0,0
66.33,0,0
66.3398,0,0
66.3498,0,0
66.3598,0,0
66.3698,0,0
66.3798,0,0
66.3897,0,0
66.3997,0,0
66.4097,0,0
66.4197,0,0
66.4297,0,0
66.4396,0,0
66.4496,0,0
66.4596,0,0
66.4696,0,0
66.4796,0,0
66.4895,0,0
66.4995,0,0
66.5094,0,0
66.5195,0,0
66.5295,0,0
66.5393,0,0
66.5493,0,0
66.5593,0,0
66.5693,0,0
66.5793,0,0
66.5892,0,0
66.5992,0,0
66.6092,0,0
66.6192,0,0
66.6292,0,0
66.6391,0,0
66.6491,0,0
66.6591,0,0
66.6691,0,0
66.6791,0,0
66.689,0,0
66.699,0,0
66.709,0,0
66.719,0,0
66.729,0,0
66.7388,0,0
66.7488,0,0
66.7588,0,0
66.7688,0,0
66.7788,0,0
66.7887,0,0
66.7987,0,0
66.8087,0,0
66.8187,0,0
66.8287,0,0
66.8387,0,0
66.8486,0,0
66.8586,0,0
66.8686,0,0
66.8786,0,0
66.8886,0,0
66.8985,0,0
66.9085,0,0
66.9184,0,0
66.9285,0,0
66.9385,0,0
66.9483,0,0
66.9583,0,0
66.9683,0,0
66.9783,0,0
66.9883,0,0
66.9982,0,0
67.0082,0,0
67.0182,0,0
67.0282,0,0
67.0382,0,0
67.0481,0,0
67.0581,0,0
67.0681,0,0
67.0781,0,0
67.0881,0,0
67.0981,0,0
67.108,0,0
67.118,0,0
67.128,0,0
67.138,0,0
67.1478,0,0
67.1578,0,0
67.1678,0,0
67.1778,0,0
67.1878,0,0
67.1977,0,0
67.2077,0,0
67.2177,0,0
67.2277,0,0
67.2377,0,0
67.2476,0,0
67.2576,0,0
67.2676,0,0
67.2776,0,0
67.2875,0,0
67.2975,0,0
67.3074,0,0
67.3175,0,0
67.3275,0,0
67.3373,0,0
67.3473,0,0
67.3573,0,0
67.3673,0,0
67.3773,0,0
67.3872,0,0
67.3972,0,0
67.4072,0,0
67.4172,0,0
67.4272,0,0
67.4371,0,0
67.4471,0,0
67.4571,0,0
67.4671,0,0
67.4771,0,0
67.4871,0,0
67.497,0,0
67.507,0,0
67.5169,0,0
67.527,0,0
67.537,0,0
67.5468,0,0
67.5568,0,0
67.5668,0,0
67.5768,0,0
67.5868,0,0
67.5967,0,0
67.6067,0,0
67.6167,0,0
67.6267,0,0
67.6367,0,0
67.6466,0,0
67.6566,0,0
67.6666,0,0
67.6766,0,0
67.6866,0,0
67.6965,0,0
67.7065,0,0
67.7165,0,0
67.7265,0,0
67.7365,0,0
67.7463,0,0
67.7563,0,0
67.7663,0,0
67.7763,0,0
67.7863,0,0
67.7962,0,0
67.8062,0,0
67.8162,0,0
67.8262,0,0
67.8362,0,0
67.8461,0,0
67.8561,0,0
67.8661,0,0
67.8761,0,0
67.8861,0,0
67.896,0,0
67.906,0,0
67.916,0,0
67.926,0,0
67.936,0,0
67.9458,0,0
67.9558,0,0
67.9658,0,0
67.9758,0,0
67.9858,0,0
67.9957,0,0
68.0057,0,0
68.0157,0,0
68.0257,0,0
68.0357,0,0
68.0456,0,0
68.0556,0,0
68.0656,0,0
68.0756,0,0
68.0856,0,0
68.0955,0,0
68.1055,0,0
68.1155,0,0
68.1255,0,0
68.1355,0,0
68.1453,0,0
68.1553,0,0
68.1653,0,0
68.1753,0,0
68.1853,0,0
68.1952,0,0
68.2052,0,0
68.2152,0,0
68.2252,0,0
68.2352,0,0
68.2451,0,0
68.2551,0,0
68.2651,0,0
68.2751,0,0
68.2851,0,0
68.295,0,0
68.305,0,0
68.315,0,0
68.325,0,0
68.3348,0,0
68.3448,0,0
68.3549,0,0
68.3648,0,0
68.3748,0,0
68.3847,0,0
68.3947,0,0
68.4047,0,0
68.4147,0,0
68.4247,0,0
68.4346,0,0
68.4446,0,0
68.4546,0,0
68.4646,0,0
68.4746,0,0
68.4845,0,0
68.4945,0,0
68.5045,0,0
68.5145,0,0
68.5245,0,0
68.5343,0,0
68.5443,0,0
68.5544,0,0
68.5643,0,0
68.5743,0,0
68.5842,0,0
68.5942,0,0
68.6042,0,0
68.6142,0,0
68.6242,0,0
68.6341,0,0
68.6441,0,0
68.6541,0,0
68.6641,0,0
68.6741,0,0
68.684,0,0
68.694,0,0
68.7039,0,0
68.714,0,0
68.724,0,0
68.7338,0,0
68.7438,0,0
68.7538,0,0
68.7638,0,0
68.7737,0,0
68.7837,0,0
68.7937,0,0
68.8037,0,0
68.8137,0,0
68.8236,0,0
68.8336,0,0
68.8436,0,0
68.8536,0,0
68.8635,0,0
68.8735,0,0
68.8835,0,0
68.8935,0,0
68.9035,0,0
68.9134,0,0
68.9233,0,0
68.9333,0,0
68.9434,0,0
68.9533,0,0
68.9632,0,0
68.9732,0,0
68.9832,0,0
68.9932,0,0
69.0032,0,0
69.0131,0,0
69.0231,0,0
69.0331,0,0
69.0431,0,0
69.0531,0,0
69.063,0,0
69.073,0,0
69.083,0,0
69.093,0,0
69.103,0,0
69.1129,0,0
69.1228,0,0
69.1328,0,0
69.1429,0,0
69.1528,0,0
69.1627,0,0
69.1727,0,0
69.1827,0,0
69.1927,0,0
69.2027,0,0
69.2126,0,0
69.2226,0,0
69.2326,0,0
69.2426,0,0
69.2526,0,0
69.2625,0,0
69.2725,0,0
69.2825,0,0
69.2925,0,0
69.3025,0,0
69.3123,0,0
69.3223,0,0
69.3324,0,0
69.3424,0,0
69.3522,0,0
69.3622,0,0
69.3722,0,0
69.3822,0,0
69.3922,0,0
69.4021,0,0
69.4121,0,0
69.4221,0,0
69.4321,0,0
69.4421,0,0
69.452,0,0
69.462,0,0
69.472,0,0
69.482,0,0
69.492,0,0
69.5018,0,0
69.5118,0,0
69.5219,0,0
69.5319,0,0
69.5418,0,0
69.5517,0,0
69.5617,0,0
69.5717,0,0
69.5817,0,0
69.5917,0,0
69.6016,0,0
69.6116,0,0
69.6216,0,0
69.6316,0,0
69.6416,0,0
69.6515,0,0
69.6615,0,0
69.6715,0,0
69.6815,0,0
69.6914,0,0
69.7013,0,0
69.7113,0,0
69.7214,0,0
69.7314,0,0
69.7412,0,0
69.7512,0,0
69.7612,0,0
69.7712,0,0
69.7812,0,0
69.7911,0,0
69.8011,0,0
69.8111,0,0
69.8211,0,0
69.8311,0,0
69.841,0,0
69.851,0,0
69.861,0,0
69.871,0,0
69.881,0,0
69.8908,0,0
69.9008,0,0
69.9108,0,0
69.9208,0,0
69.9308,0,0
69.9407,0,0
69.9507,0,0
69.9607,0,0
69.9707,0,0
69.9807,0,0
69.9906,0,0
70.0006,0,0
70.0106,0,0
70.0206,0,0
70.0306,0,0
70.0405,0,0
70.0505,0,0
70.0605,0,0
70.0705,0,0
70.0805,0,0
70.0903,0,0
70.1003,0,0
70.1103,0,0
70.1203,0,0
70.1303,0,0
70.1402,0,0
70.1502,0,0
70.1602,0,0
70.1702,0,0
70.1802,0,0
70.1901,0,0
70.2001,0,0
70.2101,0,0
70.2201,0,0
70.2301,0,0
70.24,0,0
70.25,0,0
70.26,0,0
70.27,0,0
70.28,0,0
70.29,0,0
70.2998,0,0
70.3098,0,0
70.3198,0,0
70.3298,0,0
70.3398,0,0
70.3497,0,0
70.3597,0,0
70.3697,0,0
70.3797,0,0
70.3897,0,0
70.3996,0,0
70.4096,0,0
70.4196,0,0
70.4296,0,0
70.4396,0,0
70.4495,0,0
70.4595,0,0
70.4695,0,0
70.4795,0,0
70.4895,0,0
70.4993,0,0
70.5093,0,0
70.5193,0,0
70.5293,0,0
70.5393,0,0
70.5493,0,0
70.5592,0,0
70.5692,0,0
70.5792,0,0
70.5892,0,0
70.5992,0,0
70.6091,0,0
70.6191,0,0
70.6291,0,0
70.6391,0,0
70.6491,0,0
70.659,0,0
70.669,0,0
70.679,0,0
70.689,0,0
70.699,0,0
70.709,0,0
70.7188,0,0
70.7288,0,0
70.7388,0,0
70.7488,0,0
70.7588,0,0
70.7687,0,0
70.7787,0,0
70.7887,0,0
70.7987,0,0
70.8087,0,0
70.8186,0,0
70.8286,0,0
70.8386,0,0
70.8486,0,0
70.8586,0,0
70.8685,0,0
70.8785,0,0
70.8885,0,0
70.8985,0,0
70.9085,0,0
70.9183,0,0
70.9283,0,0
70.9383,0,0
70.9483,0,0
70.9583,0,0
70.9682,0,0
70.9782,0,0
70.9882,0,0
70.9982,0,0
71.0082,0,0
71.0181,0,0
71.0281,0,0
71.0381,0,0
71.0481,0,0
71.0581,0,0
71.068,0,0
71.078,0,0
71.088,0,0
71.098,0,0
71.108,0,0
71.118,0,0
71.1279,0,0
71.1378,0,0
71.1478,0,0
71.1579,0,0
71.1679,0,0
71.1777,0,0
71.1877,0,0
71.1977,0,0
71.2077,0,0
71.2177,0,0
71.2276,0,0
71.2376,0,0
71.2476,0,0
71.2576,0,0
71.2676,0,0
71.2776,0,0
71.2875,0,0
71.2975,0,0
71.3075,0,0
71.3175,0,0
71.3275,0,0
71.3374,0,0
71.3474,0,0
71.3574,0,0
71.3674,0,0
71.3773,0,0
71.3872,0,0
71.3972,0,0
71.4072,0,0
71.4172,0,0
71.4271,0,0
71.4371,0,0
71.4471,0,0
71.4571,0,0
71.4671,0,0
71.4771,0,0
71.487,0,0
71.497,0,0
71.507,0,0
71.517,0,0
71.5268,0,0
71.5368,0,0
71.5469,0,0
71.5569,0,0
71.5668,0,0
71.5767,0,0
71.5867,0,0
71.5967,0,0
71.6067,0,0
71.6167,0,0
71.6266,0,0
71.6366,0,0
71.6466,0,0
71.6566,0,0
71.6666,0,0
71.6765,0,0
71.6865,0,0
71.6965,0,0
71.7065,0,0
71.7165,0,0
71.7264,0,0
71.7364,0,0
71.7463,0,0
71.7564,0,0
71.7664,0,0
71.7762,0,0
71.7862,0,0
71.7962,0,0
71.8062,0,0
71.8161,0,0
71.8261,0,0
71.8361,0,0
71.8461,0,0
71.8561,0,0
71.866,0,0
71.876,0,0
71.886,0,0
71.896,0,0
71.906,0,0
71.9159,0,0
71.9259,0,0
71.9358,0,0
71.9459,0,0
71.9557,0,0
71.9657,0,0
71.9757,0,0
71.9857,0,0
71.9957,0,0
72.0056,0,0
72.0156,0,0
72.0256,0,0
72.0356,0,0
72.0455,0,0
72.0555,0,0
72.0655,0,0
72.0755,0,0
72.0855,0,0
72.0954,0,0
72.1054,0,0
72.1154,0,0
72.1254,0,0
72.1354,0,0
72.1452,0,0
72.1552,0,0
72.1652,0,0
72.1752,0,0
72.1851,0,0
72.1951,0,0
72.2051,0,0
72.2151,0,0
72.2251,0,0
72.235,0,0
72.245,0,0
72.255,0,0
72.265,0,0
72.2748,0,0
72.2848,0,0
72.2948,0,0
72.3048,0,0
72.3148,0,0
72.3247,0,0
72.3347,0,0
72.3447,0,0
72.3547,0,0
72.3646,0,0
72.3746,0,0
72.3846,0,0
72.3946,0,0
72.4046,0,0
72.4145,0,0
72.4245,0,0
72.4345,0,0
72.4445,0,0
72.4543,0,0
72.4643,0,0
72.4743,0,0
72.4843,0,0
72.4943,0,0
72.5042,0,0
72.5142,0,0
72.5242,0,0
72.5342,0,0
72.5441,0,0
72.5541,0,0
72.5641,0,0
72.5741,0,0
72.5841,0,0
72.594,0,0
72.604,0,0
72.614,0,0
72.624,0,0
72.6338,0,0
72.6439,0,0
72.6539,0,0
72.6638,0,0
72.6738,0,0
72.6837,0,0
72.6937,0,0
72.7037,0,0
72.7137,0,0
72.7237,0,0
72.7336,0,0
72.7436,0,0
72.7536,0,0
72.7636,0,0
72.7735,0,0
72.7835,0,0
72.7935,0,0
72.8035,0,0
72.8135,0,0
72.8234,0,0
72.8334,0,0
72.8433,0,0
72.8534,0,0
72.8632,0,0
72.8732,0,0
72.8832,0,0
72.8932,0,0
72.9032,0,0
72.9131,0,0
72.9231,0,0
72.9331,0,0
72.9431,0,0
72.953,0,0
72.963,0,0
72.973,0,0
72.983,0,0
72.993,0,0
73.0029,0,0
73.0129,0,0
73.0229,0,0
73.0329,0,0
73.0429,0,0
73.0527,0,0
73.0627,0,0
73.0727,0,0
73.0827,0,0
73.0926,0,0
73.1026,0,0
73.1126,0,0
73.1226,0,0
73.1326,0,0
73.1425,0,0
73.1525,0,0
73.1625,0,0
73.1725,0,0
73.1824,0,0
73.1924,0,0
73.2023,0,0
73.2124,0,0
73.2222,0,0
73.2322,0,0
73.2422,0,0
73.2522,0,0
73.2622,0,0
73.2721,0,0
73.2821,0,0
73.2921,0,0
73.3021,0,0
73.312,0,0
73.322,0,0
73.332,0,0
73.342,0,0
73.352,0,0
73.3619,0,0
73.3718,0,0
73.3819,0,0
73.3919,0,0
73.4017,0,0
73.4117,0,0
73.4217,0,0
73.4317,0,0
73.4416,0,0
73.4516,0,0
73.4616,0,0
73.4716,0,0
73.4815,0,0
73.4915,0,0
73.5015,0,0
73.5115,0,0
73.5214,0,0
73.5313,0,0
73.5414,0,0
73.5514,0,0
73.5613,0,0
73.5712,0,0
73.5812,0,0
73.5912,0,0
73.6012,0,0
73.6111,0,0
73.6211,0,0
73.6311,0,0
73.6411,0,0
73.6511,0,0
73.661,0,0
73.671,0,0
73.681,0,0
73.691,0,0
73.7008,0,0
73.7108,0,0
73.7208,0,0
73.7308,0,0
73.7408,0,0
73.7507,0,0
73.7607,0,0
73.7707,0,0
73.7807,0,0
73.7906,0,0
73.8006,0,0
73.8106,0,0
73.8206,0,0
73.8306,0,0
73.8405,0,0
73.8505,0,0
73.8605,0,0
73.8705,0,0
73.8803,0,0
73.8903,0,0
73.9003,0,0
73.9103,0,0
73.9203,0,0
73.9302,0,0
73.9402,0,0
73.9502,0,0
73.9602,0,0
73.9701,0,0
73.9801,0,0
73.9901,0,0
74.0001,0,0
74.0101,0,0
74.02,0,0
74.03,0,0
74.04,0,0
74.05,0,0
74.0598,0,0
74.0698,0,0
74.0798,0,0
74.0899,0,0
74.0998,0,0
74.1097,0,0
74.1197,0,0
74.1297,0,0
74.1397,0,0
74.1497,0,0
74.1596,0,0
74.1696,0,0
74.1796,0,0
74.1896,0,0
74.1995,0,0
74.2095,0,0
74.2195,0,0
74.2295,0,0
74.2395,0,0
74.2493,0,0
74.2593,0,0
74.2693,0,0
74.2793,0,0
74.2893,0,0
74.2992,0,0
74.3092,0,0
74.3192,0,0
74.3292,0,0
74.3391,0,0
74.3491,0,0
74.3591,0,0
74.3691,0,0
74.3791,0,0
74.389,0,0
74.399,0,0
74.409,0,0
74.419,0,0
74.4288,0,0
74.4388,0,0
74.4488,0,0
74.4588,0,0
74.4688,0,0
74.4787,0,0
74.4887,0,0
74.4987,0,0
74.5087,0,0
74.5186,0,0
74.5286,0,0
74.5386,0,0
74.5486,0,0
74.5586,0,0
74.5685,0,0
74.5785,0,0
74.5885,0,0
74.5985,0,0
74.6083,0,0
74.6183,0,0
74.6283,0,0
74.6383,0,0
74.6482,0,0
74.6582,0,0
74.6682,0,0
74.6782,0,0
74.6881,0,0
74.6981,0,0
74.7081,0,0
74.7181,0,0
74.7281,0,0
74.738,0,0
74.748,0,0
74.758,0,0
74.768,0,0
74.7778,0,0
74.7878,0,0
74.7978,0,0
74.8078,0,0
74.8178,0,0
74.8277,0,0
74.8377,0,0
74.8477,0,0
74.8577,0,0
74.8677,0,0
74.8776,0,0
74.8876,0,0
74.8976,0,0
74.9076,0,0
74.9175,0,0
74.9275,0,0
74.9375,0,0
74.9475,0,0
74.9575,0,0
74.9674,0,0
74.9774,0,0
74.9873,0,0
74.9974,0,0
75.0072,0,0
75.0172,0,0
75.0272,0,0
75.0372,0,0
75.0472,0,0
75.0571,0,0
75.0671,0,0
75.0771,0,0
75.0871,0,0
75.097,0,0
75.107,0,0
75.117,0,0
75.127,0,0
75.137,0,0
75.1469,0,0
75.1569,0,0
75.1669,0,0
75.1768,0,0
75.1869,0,0
75.1967,0,0
75.2067,0,0
75.2167,0,0
75.2267,0,0
75.2366,0,0
75.2466,0,0
75.2566,0,0
75.2666,0,0
75.2766,0,0
75.2865,0,0
75.2965,0,0
75.3065,0,0
75.3165,0,0
75.3265,0,0
75.3363,0,0
75.3464,0,0
75.3564,0,0
75.3664,0,0
75.3762,0,0
75.3862,0,0
75.3962,0,0
75.4062,0,0
75.4162,0,0
75.4261,0,0
75.4361,0,0
75.4461,0,0
75.4561,0,0
75.4661,0,0
75.476,0,0
75.486,0,0
75.496,0,0
75.506,0,0
75.5158,0,0
75.5258,0,0
75.5359,0,0
75.5458,0,0
75.5558,0,0
75.5657,0,0
75.5757,0,0
75.5857,0,0
75.5957,0,0
75.6057,0,0
75.6156,0,0
75.6256,0,0
75.6356,0,0
75.6456,0,0
75.6555,0,0
75.6655,0,0
75.6755,0,0
75.6855,0,0
75.6953,0,0
75.7053,0,0
75.7153,0,0
75.7253,0,0
75.7353,0,0
75.7452,0,0
75.7552,0,0
75.7652,0,0
75.7752,0,0
75.7851,0,0
75.7951,0,0
75.8051,0,0
75.8151,0,0
75.8251,0,0
75.835,0,0
75.845,0,0
75.855,0,0
75.865,0,0
75.875,0,0
75.8848,0,0
75.8948,0,0
75.9048,0,0
75.9148,0,0
75.9247,0,0
75.9347,0,0
75.9447,0,0
75.9547,0,0
75.9646,0,0
75.9746,0,0
75.9846,0,0
75.9946,0,0
76.0046,0,0
76.0145,0,0
76.0245,0,0
76.0345,0,0
76.0445,0,0
76.0545,0,0
76.0643,0,0
76.0743,0,0
76.0844,0,0
76.0943,0,0
76.1042,0,0
76.1142,0,0
76.1242,0,0
76.1342,0,0
76.1442,0,0
76.1541,0,0
76.1641,0,0
76.1741,0,0
76.1841,0,0
76.1941,0,0
76.204,0,0
76.214,0,0
76.224,0,0
76.234,0,0
76.244,0,0
76.2538,0,0
76.2638,0,0
76.2738,0,0
76.2838,0,0
76.2937,0,0
76.3037,0,0
76.3137,0,0
76.3237,0,0
76.3337,0,0
76.3436,0,0
76.3536,0,0
76.3636,0,0
76.3736,0,0
76.3835,0,0
76.3935,0,0
76.4035,0,0
76.4135,0,0
76.4235,0,0
76.4333,0,0
76.4434,0,0
76.4533,0,0
76.4633,0,0
76.4732,0,0
76.4832,0,0
76.4932,0,0
76.5032,0,0
76.5132,0,0
76.5231,0,0
76.5331,0,0
76.5431,0,0
76.5531,0,0
76.563,0,0
76.573,0,0
76.583,0,0
76.593,0,0
76.6028,0,0
76.6128,0,0
76.6228,0,0
76.6328,0,0
76.6429,0,0
76.6527,0,0
76.6627,0,0
76.6727,0,0
76.6827,0,0
76.6926,0,0
76.7026,0,0
76.7126,0,0
76.7226,0,0
76.7326,0,0
76.7425,0,0
76.7525,0,0
76.7625,0,0
76.7725,0,0
76.7823,0,0
76.7923,0,0
76.8023,0,0
76.8123,0,0
76.8223,0,0
76.8322,0,0
76.8422,0,0
76.8522,0,0
76.8622,0,0
76.8721,0,0
76.8821,0,0
76.8921,0,0
76.9021,0,0
76.9121,0,0
76.922,0,0
76.932,0,0
76.942,0,0
76.952,0,0
76.962,0,0
76.9718,0,0
76.9818,0,0
76.9919,0,0
77.0018,0,0
77.0117,0,0
77.0217,0,0
77.0317,0,0
77.0417,0,0
77.0517,0,0
77.0616,0,0
77.0716,0,0
77.0816,0,0
77.0916,0,0
77.1015,0,0
77.1115,0,0
77.1215,0,0
77.1315,0,0
77.1415,0,0
77.1513,0,0
77.1614,0,0
77.1714,0,0
77.1814,0,0
77.1912,0,0
77.2012,0,0
77.2112,0,0
77.2212,0,0
77.2312,0,0
77.2411,0,0
77.2511,0,0
77.2611,0,0
77.2711,0,0
77.281,0,0
77.291,0,0
77.301,0,0
77.311,0,0
77.321,0,0
77.3308,0,0
77.3409,0,0
77.3508,0,0
77.3608,0,0
77.3707,0,0
77.3807,0,0
77.3907,0,0
77.4007,0,0
77.4107,0,0
77.4206,0,0
77.4306,0,0
77.4406,0,0
77.4506,0,0
77.4605,0,0
77.4705,0,0
77.4805,0,0
77.4905,0,0
77.5003,0,0
77.5103,0,0
77.5203,0,0
77.5303,0,0
77.5404,0,0
77.5502,0,0
77.5602,0,0
77.5702,0,0
77.5802,0,0
77.5901,0,0
77.6001,0,0
77.6101,0,0
77.6201,0,0
77.6301,0,0
77.64,0,0
77.65,0,0
77.66,0,0
77.67,0,0
77.6798,0,0
77.6898,0,0
77.6998,0,0
77.7099,0,0
79.9276,-37767,0
79.9381,3,1
79.9481,10,1
79.9581,22,1
81.4029,-37767,0
81.4135,3,100
81.4234,9,100
81.4335,17,100
81.4435,25,100
81.4535,36,100
81.4634,47,100
81.4734,69,100
81.4834,84,100
81.4934,94,100
81.5034,98,100
81.5134,101,100
81.5234,103,100
81.5334,105,100
81.5434,105,100
81.5532,105,100
81.5632,106,100
81.5732,106,100
81.5832,106,100
81.5932,107,100
81.6031,106,100
81.6131,107,100
81.6231,106,100
81.6331,107,100
81.6431,106,100
81.653,107,100
81.663,106,100
81.673,106,100
81.683,107,100
81.693,106,100
81.703,107,100
81.7129,106,100
81.7229,107,100
81.7329,106,100
81.7429,107,100
81.7529,107,100
81.7627,106,100
81.7727,106,100
81.7827,107,100
81.7927,107,100
81.8027,106,100
81.8126,106,100
81.8226,107,100
81.8326,106,100
81.8426,107,100
81.8526,106,100
81.8626,107,100
81.8725,106,100
81.8825,107,100
81.8925,107,100
81.9025,106,100
81.9122,106,0
81.9222,104,0
81.9322,102,0
81.9422,100,0
81.9521,98,0
81.9621,96,0
81.972,95,0
81.982,93,0
81.992,91,0
82.002,89,0
82.012,88,0
82.0219,85,0
82.0319,84,0
82.0419,83,0
82.0519,80,0
82.0619,80,0
82.0718,77,0
82.0818,76,0
82.0918,74,0
82.1017,73,0
82.1117,71,0
82.1216,69,0
82.1316,68,0
82.1416,67,0
82.1516,65,0
82.1616,63,0
82.1715,62,0
82.1815,60,0
82.1915,59,0
82.2015,58,0
82.2115,56,0
82.2214,54,0
82.2314,54,0
82.2414,52,0
82.2514,50,0
82.2614,49,0
82.2713,48,0
82.2813,47,0
82.2913,45,0
82.3012,44,0
82.3113,43,0
82.3211,42,0
82.3311,40,0
82.3411,39,0
82.3511,38,0
82.3611,37,0
82.371,35,0
82.381,35,0
82.391,33,0
82.401,32,0
82.411,31,0
82.4209,30,0
82.4309,29,0
82.4409,27,0
82.4509,27,0
82.4609,25,0
82.4708,25,0
82.4808,23,0
82.4908,22,0
82.5007,21,0
82.5108,20,0
82.5206,19,0
82.5306,18,0
82.5406,17,0
82.5506,16,0
82.5606,15,0
82.5705,15,0
82.5805,13,0
82.5905,12,0
82.6005,11,0
82.6105,10,0
82.6204,9,0
82.6303,9,0
82.6402,7,0
82.6503,7,0
82.6603,4,0
82.6703,6,0
82.6801,4,0
82.6901,2,0
82.7003,-3,0
82.7103,-1,0
82.7201,3,0
82.7301,-1,0
82.7401,-1,0
82.75,2,0
82.7601,-1,0
82.77,-1,0
82.7799,1,0
82.7899,0,0
82.7999,0,0
82.8099,0,0
82.8199,0,0
82.8298,0,0
82.8398,0,0
82.8497,0,0
82.8598,0,0
82.8698,0,0
82.8796,0,0
82.8896,0,0
82.8996,0,0
82.9096,0,0
82.9196,0,0
82.9295,0,0
82.9395,0,0
82.9495,0,0
82.9595,0,0
82.9695,0,0
82.9794,0,0
82.9894,0,0
82.9994,0,0
83.0094,0,0
83.0194,0,0
83.0293,0,0
83.0393,0,0
83.0492,0,0
83.0593,0,0
83.0693,0,0
83.0791,0,0
83.0891,0,0
83.0991,0,0
83.1091,0,0
83.1191,0,0
83.129,0,0
83.139,0,0
83.149,0,0
83.159,0,0
83.169,0,0
83.1789,0,0
83.1889,0,0
83.1989,0,0
83.2089,0,0
83.2188,0,0
83.2287,0,0
83.2388,0,0
83.2488,0,0
83.2588,0,0
83.2686,0,0
83.2786,0,0
83.2886,0,0
83.2986,0,0
83.3086,0,0
83.3185,0,0
83.3285,0,0
83.3385,0,0
83.3485,0,0
83.3585,0,0
83.3684,0,0
83.3784,0,0
83.3884,0,0
83.3984,0,0
83.4084,0,0
83.4183,0,0
83.4283,0,0
83.4382,0,0
83.4483,0,0
83.4583,0,0
83.4681,0,0
83.4781,0,0
83.4881,0,0
83.4981,0,0
83.5081,0,0
83.518,0,0
83.528,0,0
83.538,0,0
83.548,0,0
83.5579,0,0
83.5679,0,0
83.5779,0,0
83.5879,0,0
83.5979,0,0
83.6078,0,0
83.6177,0,0
83.6278,0,0
83.6378,0,0
83.6478,0,0
83.6576,0,0
83.6676,0,0
83.6776,0,0
83.6876,0,0
83.6975,0,0
83.7075,0,0
83.7175,0,0
83.7275,0,0
83.7375,0,0
83.7474,0,0
83.7574,0,0
83.7674,0,0
83.7774,0,0
83.7874,0,0
83.7973,0,0
83.8072,0,0
83.8173,0,0
83.8273,0,0
83.8373,0,0
83.8471,0,0
83.8571,0,0
83.8671,0,0
83.8771,0,0
83.8871,0,0
83.8971,0,0
83.907,0,0
83.917,0,0
83.927,0,0
83.937,0,0
83.947,0,0
83.9569,0,0
83.9669,0,0
83.9769,0,0
83.9869,0,0
83.9969,0,0
84.0068,0,0
84.0168,0,0
84.0267,0,0
84.0368,0,0
84.0468,0,0
84.0566,0,0
84.0666,0,0
84.0766,0,0
84.0866,0,0
84.0966,0,0
84.1065,0,0
84.1165,0,0
84.1265,0,0
84.1365,0,0
84.1465,0,0
84.1564,0,0
84.1664,0,0
84.1764,0,0
84.1864,0,0
84.1964,0,0
84.2063,0,0
84.2163,0,0
84.2262,0,0
84.2363,0,0
84.2463,0,0
84.2561,0,0
84.2661,0,0
84.2761,0,0
84.2861,0,0
84.2961,0,0
84.306,0,0
84.316,0,0
84.326,0,0
84.336,0,0
84.346,0,0
84.356,0,0
84.3659,0,0
84.3759,0,0
84.3859,0,0
84.3959,0,0
84.4059,0,0
84.4158,0,0
84.4257,0,0
84.4358,0,0
84.4458,0,0
84.4558,0,0
84.4656,0,0
84.4756,0,0
84.4856,0,0
84.4956,0,0
84.5056,0,0
84.5155,0,0
84.5255,0,0
84.5355,0,0
84.5455,0,0
84.5555,0,0
84.5654,0,0
84.5754,0,0
84.5854,0,0
84.5954,0,0
84.6054,0,0
84.6153,0,0
84.6253,0,0
84.6353,0,0
84.6452,0,0
84.6553,0,0
84.6651,0,0
84.6751,0,0
84.6851,0,0
84.6951,0,0
84.7051,0,0
84.7151,0,0
84.725,0,0
84.735,0,0
84.745,0,0
84.755,0,0
84.765,0,0
84.7749,0,0
84.7849,0,0
84.7949,0,0
84.8049,0,0
84.8149,0,0
84.8248,0,0
84.8348,0,0
84.8448,0,0
84.8548,0,0
84.8648,0,0
84.8746,0,0
84.8846,0,0
84.8946,0,0
84.9046,0,0
84.9146,0,0
84.9245,0,0
84.9345,0,0
84.9445,0,0
84.9545,0,0
84.9645,0,0
84.9744,0,0
84.9844,0,0
84.9944,0,0
85.0044,0,0
85.0144,0,0
85.0244,0,0
85.0343,0,0
85.0443,0,0
85.0542,0,0
85.0642,0,0
85.0741,0,0
85.0841,0,0
85.0941,0,0
85.1041,0,0
85.1141,0,0
85.124,0,0
85.134,0,0
85.144,0,0
85.154,0,0
85.164,0,0
85.174,0,0
85.1839,0,0
85.1939,0,0
85.2039,0,0
85.2139,0,0
85.2239,0,0
85.2338,0,0
85.2438,0,0
85.2537,0,0
85.2638,0,0
85.2738,0,0
85.2836,0,0
85.2936,0,0
85.3036,0,0
85.3136,0,0
85.3236,0,0
85.3335,0,0
85.3435,0,0
85.3535,0,0
85.3635,0,0
85.3735,0,0
85.3835,0,0
85.3934,0,0
85.4034,0,0
85.4134,0,0
85.4234,0,0
85.4334,0,0
85.4433,0,0
85.4533,0,0
85.4632,0,0
85.4733,0,0
85.4833,0,0
85.4931,0,0
85.5031,0,0
85.5131,0,0
85.5231,0,0
85.5331,0,0
85.5431,0,0
85.553,0,0
85.563,0,0
85.573,0,0
85.583,0,0
85.593,0,0
85.6029,0,0
85.6129,0,0
85.6229,0,0
85.6329,0,0
85.6429,0,0
85.6529,0,0
85.6628,0,0
85.6728,0,0
85.6827,0,0
85.6928,0,0
85.7028,0,0
85.7126,0,0
85.7226,0,0
85.7326,0,0
85.7426,0,0
85.7526,0,0
85.7626,0,0
85.7725,0,0
85.7825,0,0
85.7925,0,0
85.8025,0,0
85.8125,0,0
85.8224,0,0
85.8324,0,0
85.8424,0,0
85.8524,0,0
85.8624,0,0
85.8724,0,0
85.8823,0,0
85.8923,0,0
85.9022,0,0
85.9122,0,0
85.9223,0,0
85.9323,0,0
85.9421,0,0
85.9521,0,0
85.9621,0,0
85.9721,0,0
85.9821,0,0
85.992,0,0
86.002,0,0
86.012,0,0
86.022,0,0
86.032,0,0
86.042,0,0
86.0519,0,0
86.0619,0,0
86.0719,0,0
86.0819,0,0
86.0919,0,0
86.1019,0,0
86.1117,0,0
86.1218,0,0
86.1318,0,0
86.1418,0,0
86.1518,0,0
86.1616,0,0
86.1716,0,0
86.1816,0,0
86.1916,0,0
86.2016,0,0
86.2115,0,0
86.2215,0,0
86.2315,0,0
86.2415,0,0
86.2515,0,0
86.2614,0,0
86.2714,0,0
86.2814,0,0
86.2914,0,0
86.3014,0,0
86.3114,0,0
86.3213,0,0
86.3313,0,0
86.3413,0,0
86.3513,0,0
86.3613,0,0
86.3711,0,0
86.3811,0,0
86.3911,0,0
86.4011,0,0
86.4111,0,0
86.421,0,0
86.431,0,0
86.441,0,0
86.451,0,0
86.461,0,0
86.4709,0,0
86.4809,0,0
86.4909,0,0
86.5009,0,0
86.5109,0,0
86.5208,0,0
86.5308,0,0
86.5408,0,0
86.5508,0,0
86.5608,0,0
86.5708,0,0
86.5806,0,0
86.5906,0,0
86.6006,0,0
86.6106,0,0
86.6206,0,0
86.6305,0,0
86.6405,0,0
86.6505,0,0
86.6605,0,0
86.6705,0,0
86.6804,0,0
86.6904,0,0
86.7004,0,0
86.7104,0,0
86.7204,0,0
86.7304,0,0
86.7402,0,0
86.7503,0,0
86.7603,0,0
86.7703,0,0
86.7803,0,0
86.7901,0,0
86.8001,0,0
86.8101,0,0
86.8201,0,0
86.8301,0,0
86.8401,0,0
86.85,0,0
86.86,0,0
86.87,0,0
86.88,0,0
86.89,0,0
86.8999,0,0
86.9099,0,0
86.9199,0,0
86.9299,0,0
86.9399,0,0
86.9498,0,0
86.9598,0,0
86.9697,0,0
86.9798,0,0
86.9898,0,0
86.9996,0,0
87.0096,0,0
87.0196,0,0
87.0296,0,0
87.0396,0,0
87.0495,0,0
87.0595,0,0
87.0695,0,0
87.0795,0,0
87.0895,0,0
87.0994,0,0
87.1094,0,0
87.1194,0,0
87.1294,0,0
87.1394,0,0
87.1493,0,0
87.1593,0,0
87.1693,0,0
87.1793,0,0
87.1893,0,0
87.1991,0,0
87.2091,0,0
87.2191,0,0
87.2291,0,0
87.2391,0,0
87.249,0,0
87.259,0,0
87.269,0,0
87.279,0,0
87.289,0,0
87.2989,0,0
87.3089,0,0
87.3189,0,0
87.3289,0,0
87.3389,0,0
87.3487,0,0
87.3588,0,0
87.3688,0,0
87.3788,0,0
87.3888,0,0
87.3986,0,0
87.4086,0,0
87.4186,0,0
87.4286,0,0
87.4386,0,0
87.4486,0,0
87.4585,0,0
87.4685,0,0
87.4785,0,0
87.4885,0,0
87.4984,0,0
87.5084,0,0
87.5184,0,0
87.5284,0,0
87.5384,0,0
87.5483,0,0
87.5583,0,0
87.5682,0,0
87.5783,0,0
87.5883,0,0
87.5981,0,0
87.6081,0,0
87.6181,0,0
87.6281,0,0
87.6381,0,0
87.648,0,0
87.658,0,0
87.668,0,0
87.678,0,0
87.688,0,0
87.6979,0,0
87.7079,0,0
87.7179,0,0
87.7279,0,0
87.7379,0,0
87.7478,0,0
87.7578,0,0
87.7677,0,0
87.7778,0,0
87.7878,0,0
87.7978,0,0
87.8076,0,0
87.8176,0,0
87.8276,0,0
87.8376,0,0
87.8475,0,0
87.8575,0,0
87.8675,0,0
87.8775,0,0
87.8875,0,0
87.8975,0,0
87.9074,0,0
87.9174,0,0
87.9274,0,0
87.9374,0,0
87.9474,0,0
87.9573,0,0
87.9673,0,0
87.9772,0,0
87.9873,0,0
87.9973,0,0
88.0071,0,0
88.0171,0,0
88.0271,0,0
88.0371,0,0
88.0471,0,0
88.057,0,0
88.067,0,0
88.077,0,0
88.087,0,0
88.097,0,0
88.1069,0,0
88.1169,0,0
88.1269,0,0
88.1369,0,0
88.1469,0,0
88.1568,0,0
88.1668,0,0
88.1768,0,0
88.1868,0,0
88.1968,0,0
88.2068,0,0
88.2166,0,0
88.2266,0,0
88.2366,0,0
88.2466,0,0
88.2566,0,0
88.2665,0,0
88.2765,0,0
88.2865,0,0
88.2965,0,0
88.3065,0,0
88.3164,0,0
88.3264,0,0
88.3364,0,0
88.3464,0,0
88.3564,0,0
88.3663,0,0
88.3763,0,0
88.3863,0,0
88.3963,0,0
88.4063,0,0
88.4161,0,0
88.4261,0,0
88.4361,0,0
88.4461,0,0
88.4561,0,0
88.466,0,0
88.476,0,0
88.486,0,0
88.496,0,0
88.506,0,0
88.5159,0,0
88.5259,0,0
88.5359,0,0
88.5459,0,0
88.5559,0,0
88.5658,0,0
88.5758,0,0
88.5857,0,0
88.5958,0,0
88.6058,0,0
88.6156,0,0
88.6256,0,0
88.6356,0,0
88.6456,0,0
88.6556,0,0
88.6656,0,0
88.6755,0,0
88.6855,0,0
88.6955,0,0
88.7055,0,0
88.7155,0,0
88.7254,0,0
88.7354,0,0
88.7454,0,0
88.7554,0,0
88.7654,0,0
88.7753,0,0
88.7853,0,0
88.7952,0,0
88.8053,0,0
88.8153,0,0
88.8251,0,0
88.8351,0,0
88.8451,0,0
88.8551,0,0
88.8651,0,0
88.8751,0,0
88.885,0,0
88.895,0,0
88.905,0,0
88.915,0,0
88.925,0,0
88.9349,0,0
88.9449,0,0
88.9549,0,0
88.9649,0,0
88.9749,0,0
88.9849,0,0
88.9948,0,0
89.0048,0,0
89.0148,0,0
89.0247,0,0
89.0348,0,0
89.0446,0,0
89.0546,0,0
89.0646,0,0
89.0746,0,0
89.0846,0,0
89.0945,0,0
89.1045,0,0
89.1145,0,0
89.1245,0,0
89.1345,0,0
89.1444,0,0
89.1544,0,0
89.1644,0,0
89.1744,0,0
89.1844,0,0
89.1943,0,0
89.2043,0,0
89.2143,0,0
89.2243,0,0
89.2343,0,0
89.2441,0,0
89.2541,0,0
89.2641,0,0
89.2741,0,0
89.2841,0,0
89.2941,0,0
89.304,0,0
89.314,0,0
89.324,0,0
89.334,0,0
89.344,0,0
89.3539,0,0
89.3639,0,0
89.3739,0,0
89.3839,0,0
89.3939,0,0
89.4039,0,0
89.4137,0,0
89.4238,0,0
89.4338,0,0
89.4438,0,0
89.4538,0,0
89.4638,0,0
89.4736,0,0
89.4836,0,0
89.4936,0,0
89.5036,0,0
89.5136,0,0
89.5235,0,0
89.5335,0,0
89.5435,0,0
89.5535,0,0
89.5635,0,0
89.5734,0,0
89.5834,0,0
89.5934,0,0
89.6034,0,0
89.6134,0,0
89.6233,0,0
89.6333,0,0
89.6433,0,0
89.6533,0,0
89.6633,0,0
89.6731,0,0
89.6831,0,0
89.6931,0,0
89.7031,0,0
89.7131,0,0
89.723,0,0
89.733,0,0
89.743,0,0
89.753,0,0
89.7629,0,0
89.7729,0,0
89.7829,0,0
89.7929,0,0
89.8029,0,0
89.8128,0,0
89.8228,0,0
89.8328,0,0
89.8428,0,0
89.8528,0,0
89.8626,0,0
89.8727,0,0
89.8826,0,0
89.8926,0,0
89.9026,0,0
89.9125,0,0
89.9225,0,0
89.9325,0,0
89.9425,0,0
89.9525,0,0
89.9624,0,0
89.9724,0,0
89.9824,0,0
89.9924,0,0
90.0024,0,0
90.0123,0,0
90.0223,0,0
90.0322,0,0
90.0423,0,0
90.0523,0,0
90.0621,0,0
90.0722,0,0
90.0821,0,0
90.0921,0,0
90.1021,0,0
90.1122,0,0
90.122,0,0
90.132,0,0
90.142,0,0
90.152,0,0
90.162,0,0
90.1719,0,0
90.1819,0,0
90.1919,0,0
90.2019,0,0
90.2119,0,0
90.2218,0,0
90.2318,0,0
90.2418,0,0
90.2518,0,0
90.2618,0,0
90.2717,0,0
90.2817,0,0
90.2916,0,0
90.3017,0,0
90.3116,0,0
90.3215,0,0
90.3315,0,0
90.3415,0,0
90.3515,0,0
90.3615,0,0
90.3714,0,0
90.3814,0,0
90.3914,0,0
90.4014,0,0
90.4114,0,0
90.4213,0,0
90.4313,0,0
90.4413,0,0
90.4513,0,0
90.4613,0,0
90.4712,0,0
90.4811,0,0
90.4911,0,0
90.5012,0,0
90.5111,0,0
90.5211,0,0
90.531,0,0
90.541,0,0
90.551,0,0
90.561,0,0
90.571,0,0
90.5809,0,0
90.5909,0,0
90.6009,0,0
90.6109,0,0
90.6209,0,0
90.6308,0,0
90.6408,0,0
90.6508,0,0
90.6608,0,0
90.6708,0,0
90.6806,0,0
90.6906,0,0
90.7007,0,0
90.7107,0,0
90.7206,0,0
90.7306,0,0
90.7405,0,0
90.7505,0,0
90.7605,0,0
90.7705,0,0
90.7805,0,0
90.7905,0,0
90.8004,0,0
90.8104,0,0
90.8204,0,0
90.8304,0,0
90.8404,0,0
90.8503,0,0
90.8603,0,0
90.8703,0,0
90.8803,0,0
90.8903,0,0
90.9002,0,0
90.9101,0,0
90.9201,0,0
90.9302,0,0
90.9401,0,0
90.95,0,0
90.96,0,0
90.97,0,0
90.98,0,0
90.99,0,0
90.9999,0,0
91.0099,0,0
91.0199,0,0
91.0299,0,0
91.0399,0,0
91.0498,0,0
91.0598,0,0
91.0698,0,0
91.0798,0,0
91.0898,0,0
91.0997,0,0
91.1096,0,0
91.1196,0,0
91.1297,0,0
91.1397,0,0
91.1497,0,0
91.1595,0,0
91.1695,0,0
91.1795,0,0
91.1895,0,0
91.1995,0,0
91.2094,0,0
91.2194,0,0
91.2294,0,0
91.2394,0,0
91.2494,0,0
91.2593,0,0
91.2693,0,0
91.2793,0,0
91.2893,0,0
91.2993,0,0
91.3093,0,0
91.3192,0,0
91.3292,0,0
91.3391,0,0
91.3492,0,0
91.3592,0,0
91.369,0,0
91.379,0,0
91.389,0,0
91.399,0,0
91.409,0,0
91.4189,0,0
91.4289,0,0
91.4389,0,0
91.4489,0,0
91.4589,0,0
91.4688,0,0
91.4788,0,0
91.4888,0,0
91.4988,0,0
91.5088,0,0
91.5187,0,0
91.5287,0,0
91.5386,0,0
91.5487,0,0
91.5587,0,0
91.5685,0,0
91.5785,0,0
91.5885,0,0
91.5985,0,0
91.6085,0,0
91.6185,0,0
91.6284,0,0
91.6384,0,0
91.6484,0,0
91.6584,0,0
91.6684,0,0
91.6783,0,0
91.6883,0,0
91.6983,0,0
91.7083,0,0
91.7183,0,0
91.7281,0,0
91.7382,0,0
91.7481,0,0
91.7581,0,0
91.7682,0,0
91.7782,0,0
91.788,0,0
91.798,0,0
91.808,0,0
91.818,0,0
91.828,0,0
91.8379,0,0
91.8479,0,0
91.8579,0,0
91.8679,0,0
91.8779,0,0
91.8878,0,0
91.8978,0,0
91.9078,0,0
91.9178,0,0
91.9278,0,0
91.9377,0,0
91.9477,0,0
91.9576,0,0
91.9677,0,0
91.9777,0,0
91.9875,0,0
91.9975,0,0
92.0075,0,0
92.0175,0,0
92.0275,0,0
92.0374,0,0
92.0474,0,0
92.0574,0,0
92.0674,0,0
92.0774,0,0
92.0874,0,0
92.0973,0,0
92.1073,0,0
92.1173,0,0
92.1273,0,0
92.1373,0,0
92.1472,0,0
92.1572,0,0
92.1671,0,0
92.1772,0,0
92.1871,0,0
92.197,0,0
92.207,0,0
92.217,0,0
92.227,0,0
92.237,0,0
92.2469,0,0
92.2569,0,0
92.2669,0,0
92.2769,0,0
92.2869,0,0
92.2968,0,0
92.3068,0,0
92.3168,0,0
92.3268,0,0
92.3368,0,0
92.3468,0,0
92.3567,0,0
92.3667,0,0
92.3766,0,0
92.3867,0,0
92.3967,0,0
92.4065,0,0
92.4165,0,0
92.4265,0,0
92.4365,0,0
92.4465,0,0
92.4565,0,0
92.4664,0,0
92.4764,0,0
92.4864,0,0
92.4964,0,0
92.5064,0,0
92.5163,0,0
92.5263,0,0
92.5363,0,0
92.5463,0,0
92.5563,0,0
92.5662,0,0
92.5762,0,0
92.5861,0,0
92.5961,0,0
92.6062,0,0
92.616,0,0
92.626,0,0
92.636,0,0
92.646,0,0
92.656,0,0
92.666,0,0
92.6759,0,0
92.6859,0,0
92.6959,0,0
92.7059,0,0
92.7159,0,0
92.7258,0,0
92.7358,0,0
92.7458,0,0
92.7558,0,0
92.7658,0,0
92.7757,0,0
92.7857,0,0
92.7956,0,0
92.8057,0,0
92.8157,0,0
92.8255,0,0
92.8355,0,0
92.8455,0,0
92.8555,0,0
92.8655,0,0
92.8755,0,0
92.8854,0,0
92.8954,0,0
92.9054,0,0
92.9154,0,0
92.9254,0,0
92.9353,0,0
92.9453,0,0
92.9553,0,0
92.9653,0,0
92.9753,0,0
92.9852,0,0
92.9952,0,0
93.0051,0,0
93.0152,0,0
93.0252,0,0
93.035,0,0
93.045,0,0
93.055,0,0
93.065,0,0
93.075,0,0
93.0849,0,0
93.0949,0,0
93.1049,0,0
93.1149,0,0
93.1249,0,0
93.1349,0,0
93.1448,0,0
93.1548,0,0
93.1648,0,0
93.1748,0,0
93.1848,0,0
93.1947,0,0
93.2047,0,0
93.2146,0,0
93.2247,0,0
93.2347,0,0
93.2447,0,0
93.2545,0,0
93.2645,0,0
93.2745,0,0
93.2845,0,0
93.2945,0,0
93.3045,0,0
93.3144,0,0
93.3244,0,0
93.3344,0,0
93.3444,0,0
93.3544,0,0
93.3643,0,0
93.3743,0,0
93.3843,0,0
93.3943,0,0
93.4043,0,0
93.4143,0,0
93.4242,0,0
93.4341,0,0
93.4442,0,0
93.4542,0,0
93.4642,0,0
93.474,0,0
93.484,0,0
93.494,0,0
93.504,0,0
93.514,0,0
93.5239,0,0
93.5339,0,0
93.5439,0,0
93.5539,0,0
93.5639,0,0
93.5738,0,0
93.5838,0,0
93.5938,0,0
93.6038,0,0
93.6138,0,0
